Mittari;Aika;val
Tapausten lukumäärä;2020-01-28;1
Testausmäärä;2020-01-28;
Kuolemantapausten lukumäärä;2020-01-28;
Tapausten lukumäärä;2020-01-29;0
Testausmäärä;2020-01-29;
Kuolemantapausten lukumäärä;2020-01-29;
Tapausten lukumäärä;2020-01-30;0
Testausmäärä;2020-01-30;
Kuolemantapausten lukumäärä;2020-01-30;
Tapausten lukumäärä;2020-01-31;0
Testausmäärä;2020-01-31;
Kuolemantapausten lukumäärä;2020-01-31;
Tapausten lukumäärä;2020-02-01;0
Testausmäärä;2020-02-01;
Kuolemantapausten lukumäärä;2020-02-01;
Tapausten lukumäärä;2020-02-02;0
Testausmäärä;2020-02-02;
Kuolemantapausten lukumäärä;2020-02-02;
Tapausten lukumäärä;2020-02-03;0
Testausmäärä;2020-02-03;
Kuolemantapausten lukumäärä;2020-02-03;
Tapausten lukumäärä;2020-02-04;0
Testausmäärä;2020-02-04;
Kuolemantapausten lukumäärä;2020-02-04;
Tapausten lukumäärä;2020-02-05;0
Testausmäärä;2020-02-05;
Kuolemantapausten lukumäärä;2020-02-05;
Tapausten lukumäärä;2020-02-06;0
Testausmäärä;2020-02-06;
Kuolemantapausten lukumäärä;2020-02-06;
Tapausten lukumäärä;2020-02-07;0
Testausmäärä;2020-02-07;
Kuolemantapausten lukumäärä;2020-02-07;
Tapausten lukumäärä;2020-02-08;0
Testausmäärä;2020-02-08;
Kuolemantapausten lukumäärä;2020-02-08;
Tapausten lukumäärä;2020-02-09;0
Testausmäärä;2020-02-09;
Kuolemantapausten lukumäärä;2020-02-09;
Tapausten lukumäärä;2020-02-10;1
Testausmäärä;2020-02-10;
Kuolemantapausten lukumäärä;2020-02-10;
Tapausten lukumäärä;2020-02-11;0
Testausmäärä;2020-02-11;
Kuolemantapausten lukumäärä;2020-02-11;
Tapausten lukumäärä;2020-02-12;0
Testausmäärä;2020-02-12;
Kuolemantapausten lukumäärä;2020-02-12;
Tapausten lukumäärä;2020-02-13;0
Testausmäärä;2020-02-13;
Kuolemantapausten lukumäärä;2020-02-13;
Tapausten lukumäärä;2020-02-14;0
Testausmäärä;2020-02-14;
Kuolemantapausten lukumäärä;2020-02-14;
Tapausten lukumäärä;2020-02-15;0
Testausmäärä;2020-02-15;
Kuolemantapausten lukumäärä;2020-02-15;
Tapausten lukumäärä;2020-02-16;0
Testausmäärä;2020-02-16;
Kuolemantapausten lukumäärä;2020-02-16;
Tapausten lukumäärä;2020-02-17;0
Testausmäärä;2020-02-17;
Kuolemantapausten lukumäärä;2020-02-17;
Tapausten lukumäärä;2020-02-18;0
Testausmäärä;2020-02-18;
Kuolemantapausten lukumäärä;2020-02-18;
Tapausten lukumäärä;2020-02-19;0
Testausmäärä;2020-02-19;
Kuolemantapausten lukumäärä;2020-02-19;
Tapausten lukumäärä;2020-02-20;0
Testausmäärä;2020-02-20;
Kuolemantapausten lukumäärä;2020-02-20;
Tapausten lukumäärä;2020-02-21;0
Testausmäärä;2020-02-21;
Kuolemantapausten lukumäärä;2020-02-21;
Tapausten lukumäärä;2020-02-22;1
Testausmäärä;2020-02-22;
Kuolemantapausten lukumäärä;2020-02-22;
Tapausten lukumäärä;2020-02-23;0
Testausmäärä;2020-02-23;
Kuolemantapausten lukumäärä;2020-02-23;
Tapausten lukumäärä;2020-02-24;0
Testausmäärä;2020-02-24;
Kuolemantapausten lukumäärä;2020-02-24;
Tapausten lukumäärä;2020-02-25;1
Testausmäärä;2020-02-25;
Kuolemantapausten lukumäärä;2020-02-25;
Tapausten lukumäärä;2020-02-26;0
Testausmäärä;2020-02-26;
Kuolemantapausten lukumäärä;2020-02-26;
Tapausten lukumäärä;2020-02-27;1
Testausmäärä;2020-02-27;9
Kuolemantapausten lukumäärä;2020-02-27;
Tapausten lukumäärä;2020-02-28;3
Testausmäärä;2020-02-28;358
Kuolemantapausten lukumäärä;2020-02-28;
Tapausten lukumäärä;2020-02-29;1
Testausmäärä;2020-02-29;15
Kuolemantapausten lukumäärä;2020-02-29;
Tapausten lukumäärä;2020-03-01;1
Testausmäärä;2020-03-01;16
Kuolemantapausten lukumäärä;2020-03-01;
Tapausten lukumäärä;2020-03-02;0
Testausmäärä;2020-03-02;26
Kuolemantapausten lukumäärä;2020-03-02;
Tapausten lukumäärä;2020-03-03;4
Testausmäärä;2020-03-03;51
Kuolemantapausten lukumäärä;2020-03-03;
Tapausten lukumäärä;2020-03-04;6
Testausmäärä;2020-03-04;85
Kuolemantapausten lukumäärä;2020-03-04;
Tapausten lukumäärä;2020-03-05;1
Testausmäärä;2020-03-05;80
Kuolemantapausten lukumäärä;2020-03-05;
Tapausten lukumäärä;2020-03-06;7
Testausmäärä;2020-03-06;105
Kuolemantapausten lukumäärä;2020-03-06;1
Tapausten lukumäärä;2020-03-07;7
Testausmäärä;2020-03-07;20
Kuolemantapausten lukumäärä;2020-03-07;0
Tapausten lukumäärä;2020-03-08;9
Testausmäärä;2020-03-08;14
Kuolemantapausten lukumäärä;2020-03-08;0
Tapausten lukumäärä;2020-03-09;17
Testausmäärä;2020-03-09;122
Kuolemantapausten lukumäärä;2020-03-09;0
Tapausten lukumäärä;2020-03-10;54
Testausmäärä;2020-03-10;128
Kuolemantapausten lukumäärä;2020-03-10;0
Tapausten lukumäärä;2020-03-11;76
Testausmäärä;2020-03-11;163
Kuolemantapausten lukumäärä;2020-03-11;0
Tapausten lukumäärä;2020-03-12;60
Testausmäärä;2020-03-12;349
Kuolemantapausten lukumäärä;2020-03-12;0
Tapausten lukumäärä;2020-03-13;28
Testausmäärä;2020-03-13;409
Kuolemantapausten lukumäärä;2020-03-13;1
Tapausten lukumäärä;2020-03-14;29
Testausmäärä;2020-03-14;595
Kuolemantapausten lukumäärä;2020-03-14;1
Tapausten lukumäärä;2020-03-15;53
Testausmäärä;2020-03-15;644
Kuolemantapausten lukumäärä;2020-03-15;0
Tapausten lukumäärä;2020-03-16;52
Testausmäärä;2020-03-16;868
Kuolemantapausten lukumäärä;2020-03-16;1
Tapausten lukumäärä;2020-03-17;47
Testausmäärä;2020-03-17;1136
Kuolemantapausten lukumäärä;2020-03-17;2
Tapausten lukumäärä;2020-03-18;90
Testausmäärä;2020-03-18;1025
Kuolemantapausten lukumäärä;2020-03-18;0
Tapausten lukumäärä;2020-03-19;99
Testausmäärä;2020-03-19;775
Kuolemantapausten lukumäärä;2020-03-19;1
Tapausten lukumäärä;2020-03-20;87
Testausmäärä;2020-03-20;1286
Kuolemantapausten lukumäärä;2020-03-20;1
Tapausten lukumäärä;2020-03-21;87
Testausmäärä;2020-03-21;1603
Kuolemantapausten lukumäärä;2020-03-21;2
Tapausten lukumäärä;2020-03-22;78
Testausmäärä;2020-03-22;1048
Kuolemantapausten lukumäärä;2020-03-22;1
Tapausten lukumäärä;2020-03-23;84
Testausmäärä;2020-03-23;1316
Kuolemantapausten lukumäärä;2020-03-23;4
Tapausten lukumäärä;2020-03-24;99
Testausmäärä;2020-03-24;1582
Kuolemantapausten lukumäärä;2020-03-24;1
Tapausten lukumäärä;2020-03-25;104
Testausmäärä;2020-03-25;1848
Kuolemantapausten lukumäärä;2020-03-25;5
Tapausten lukumäärä;2020-03-26;113
Testausmäärä;2020-03-26;1837
Kuolemantapausten lukumäärä;2020-03-26;4
Tapausten lukumäärä;2020-03-27;95
Testausmäärä;2020-03-27;2004
Kuolemantapausten lukumäärä;2020-03-27;2
Tapausten lukumäärä;2020-03-28;77
Testausmäärä;2020-03-28;1205
Kuolemantapausten lukumäärä;2020-03-28;4
Tapausten lukumäärä;2020-03-29;70
Testausmäärä;2020-03-29;587
Kuolemantapausten lukumäärä;2020-03-29;10
Tapausten lukumäärä;2020-03-30;129
Testausmäärä;2020-03-30;1084
Kuolemantapausten lukumäärä;2020-03-30;10
Tapausten lukumäärä;2020-03-31;125
Testausmäärä;2020-03-31;1131
Kuolemantapausten lukumäärä;2020-03-31;7
Tapausten lukumäärä;2020-04-01;149
Testausmäärä;2020-04-01;1611
Kuolemantapausten lukumäärä;2020-04-01;4
Tapausten lukumäärä;2020-04-02;161
Testausmäärä;2020-04-02;2331
Kuolemantapausten lukumäärä;2020-04-02;6
Tapausten lukumäärä;2020-04-03;199
Testausmäärä;2020-04-03;1691
Kuolemantapausten lukumäärä;2020-04-03;5
Tapausten lukumäärä;2020-04-04;81
Testausmäärä;2020-04-04;3224
Kuolemantapausten lukumäärä;2020-04-04;7
Tapausten lukumäärä;2020-04-05;122
Testausmäärä;2020-04-05;1647
Kuolemantapausten lukumäärä;2020-04-05;4
Tapausten lukumäärä;2020-04-06;209
Testausmäärä;2020-04-06;1971
Kuolemantapausten lukumäärä;2020-04-06;10
Tapausten lukumäärä;2020-04-07;200
Testausmäärä;2020-04-07;2167
Kuolemantapausten lukumäärä;2020-04-07;17
Tapausten lukumäärä;2020-04-08;138
Testausmäärä;2020-04-08;3295
Kuolemantapausten lukumäärä;2020-04-08;8
Tapausten lukumäärä;2020-04-09;158
Testausmäärä;2020-04-09;2549
Kuolemantapausten lukumäärä;2020-04-09;11
Tapausten lukumäärä;2020-04-10;71
Testausmäärä;2020-04-10;3287
Kuolemantapausten lukumäärä;2020-04-10;3
Tapausten lukumäärä;2020-04-11;75
Testausmäärä;2020-04-11;1318
Kuolemantapausten lukumäärä;2020-04-11;3
Tapausten lukumäärä;2020-04-12;80
Testausmäärä;2020-04-12;1589
Kuolemantapausten lukumäärä;2020-04-12;11
Tapausten lukumäärä;2020-04-13;117
Testausmäärä;2020-04-13;920
Kuolemantapausten lukumäärä;2020-04-13;12
Tapausten lukumäärä;2020-04-14;175
Testausmäärä;2020-04-14;1225
Kuolemantapausten lukumäärä;2020-04-14;10
Tapausten lukumäärä;2020-04-15;130
Testausmäärä;2020-04-15;2492
Kuolemantapausten lukumäärä;2020-04-15;14
Tapausten lukumäärä;2020-04-16;120
Testausmäärä;2020-04-16;3507
Kuolemantapausten lukumäärä;2020-04-16;12
Tapausten lukumäärä;2020-04-17;125
Testausmäärä;2020-04-17;2710
Kuolemantapausten lukumäärä;2020-04-17;10
Tapausten lukumäärä;2020-04-18;56
Testausmäärä;2020-04-18;3692
Kuolemantapausten lukumäärä;2020-04-18;0
Tapausten lukumäärä;2020-04-19;67
Testausmäärä;2020-04-19;2362
Kuolemantapausten lukumäärä;2020-04-19;6
Tapausten lukumäärä;2020-04-20;143
Testausmäärä;2020-04-20;1844
Kuolemantapausten lukumäärä;2020-04-20;17
Tapausten lukumäärä;2020-04-21;112
Testausmäärä;2020-04-21;3620
Kuolemantapausten lukumäärä;2020-04-21;4
Tapausten lukumäärä;2020-04-22;124
Testausmäärä;2020-04-22;4202
Kuolemantapausten lukumäärä;2020-04-22;6
Tapausten lukumäärä;2020-04-23;116
Testausmäärä;2020-04-23;3664
Kuolemantapausten lukumäärä;2020-04-23;0
Tapausten lukumäärä;2020-04-24;92
Testausmäärä;2020-04-24;4055
Kuolemantapausten lukumäärä;2020-04-24;3
Tapausten lukumäärä;2020-04-25;76
Testausmäärä;2020-04-25;3141
Kuolemantapausten lukumäärä;2020-04-25;6
Tapausten lukumäärä;2020-04-26;73
Testausmäärä;2020-04-26;2485
Kuolemantapausten lukumäärä;2020-04-26;5
Tapausten lukumäärä;2020-04-27;123
Testausmäärä;2020-04-27;2440
Kuolemantapausten lukumäärä;2020-04-27;1
Tapausten lukumäärä;2020-04-28;139
Testausmäärä;2020-04-28;3788
Kuolemantapausten lukumäärä;2020-04-28;2
Tapausten lukumäärä;2020-04-29;108
Testausmäärä;2020-04-29;4450
Kuolemantapausten lukumäärä;2020-04-29;1
Tapausten lukumäärä;2020-04-30;86
Testausmäärä;2020-04-30;4179
Kuolemantapausten lukumäärä;2020-04-30;4
Tapausten lukumäärä;2020-05-01;48
Testausmäärä;2020-05-01;3375
Kuolemantapausten lukumäärä;2020-05-01;2
Tapausten lukumäärä;2020-05-02;58
Testausmäärä;2020-05-02;1483
Kuolemantapausten lukumäärä;2020-05-02;3
Tapausten lukumäärä;2020-05-03;61
Testausmäärä;2020-05-03;1649
Kuolemantapausten lukumäärä;2020-05-03;3
Tapausten lukumäärä;2020-05-04;133
Testausmäärä;2020-05-04;1767
Kuolemantapausten lukumäärä;2020-05-04;7
Tapausten lukumäärä;2020-05-05;125
Testausmäärä;2020-05-05;3771
Kuolemantapausten lukumäärä;2020-05-05;4
Tapausten lukumäärä;2020-05-06;95
Testausmäärä;2020-05-06;3808
Kuolemantapausten lukumäärä;2020-05-06;2
Tapausten lukumäärä;2020-05-07;108
Testausmäärä;2020-05-07;3832
Kuolemantapausten lukumäärä;2020-05-07;7
Tapausten lukumäärä;2020-05-08;81
Testausmäärä;2020-05-08;3322
Kuolemantapausten lukumäärä;2020-05-08;1
Tapausten lukumäärä;2020-05-09;47
Testausmäärä;2020-05-09;2810
Kuolemantapausten lukumäärä;2020-05-09;2
Tapausten lukumäärä;2020-05-10;28
Testausmäärä;2020-05-10;1819
Kuolemantapausten lukumäärä;2020-05-10;0
Tapausten lukumäärä;2020-05-11;92
Testausmäärä;2020-05-11;2208
Kuolemantapausten lukumäärä;2020-05-11;1
Tapausten lukumäärä;2020-05-12;67
Testausmäärä;2020-05-12;4055
Kuolemantapausten lukumäärä;2020-05-12;2
Tapausten lukumäärä;2020-05-13;78
Testausmäärä;2020-05-13;4011
Kuolemantapausten lukumäärä;2020-05-13;2
Tapausten lukumäärä;2020-05-14;50
Testausmäärä;2020-05-14;3896
Kuolemantapausten lukumäärä;2020-05-14;0
Tapausten lukumäärä;2020-05-15;55
Testausmäärä;2020-05-15;4353
Kuolemantapausten lukumäärä;2020-05-15;1
Tapausten lukumäärä;2020-05-16;25
Testausmäärä;2020-05-16;3450
Kuolemantapausten lukumäärä;2020-05-16;2
Tapausten lukumäärä;2020-05-17;29
Testausmäärä;2020-05-17;2312
Kuolemantapausten lukumäärä;2020-05-17;0
Tapausten lukumäärä;2020-05-18;45
Testausmäärä;2020-05-18;2360
Kuolemantapausten lukumäärä;2020-05-18;2
Tapausten lukumäärä;2020-05-19;41
Testausmäärä;2020-05-19;4946
Kuolemantapausten lukumäärä;2020-05-19;0
Tapausten lukumäärä;2020-05-20;43
Testausmäärä;2020-05-20;3696
Kuolemantapausten lukumäärä;2020-05-20;1
Tapausten lukumäärä;2020-05-21;22
Testausmäärä;2020-05-21;2965
Kuolemantapausten lukumäärä;2020-05-21;0
Tapausten lukumäärä;2020-05-22;32
Testausmäärä;2020-05-22;2216
Kuolemantapausten lukumäärä;2020-05-22;1
Tapausten lukumäärä;2020-05-23;18
Testausmäärä;2020-05-23;2630
Kuolemantapausten lukumäärä;2020-05-23;0
Tapausten lukumäärä;2020-05-24;20
Testausmäärä;2020-05-24;1554
Kuolemantapausten lukumäärä;2020-05-24;0
Tapausten lukumäärä;2020-05-25;45
Testausmäärä;2020-05-25;1744
Kuolemantapausten lukumäärä;2020-05-25;1
Tapausten lukumäärä;2020-05-26;33
Testausmäärä;2020-05-26;3638
Kuolemantapausten lukumäärä;2020-05-26;0
Tapausten lukumäärä;2020-05-27;12
Testausmäärä;2020-05-27;2971
Kuolemantapausten lukumäärä;2020-05-27;0
Tapausten lukumäärä;2020-05-28;30
Testausmäärä;2020-05-28;2983
Kuolemantapausten lukumäärä;2020-05-28;0
Tapausten lukumäärä;2020-05-29;21
Testausmäärä;2020-05-29;2804
Kuolemantapausten lukumäärä;2020-05-29;1
Tapausten lukumäärä;2020-05-30;10
Testausmäärä;2020-05-30;1945
Kuolemantapausten lukumäärä;2020-05-30;0
Tapausten lukumäärä;2020-05-31;12
Testausmäärä;2020-05-31;1295
Kuolemantapausten lukumäärä;2020-05-31;0
Tapausten lukumäärä;2020-06-01;17
Testausmäärä;2020-06-01;1685
Kuolemantapausten lukumäärä;2020-06-01;0
Tapausten lukumäärä;2020-06-02;15
Testausmäärä;2020-06-02;2875
Kuolemantapausten lukumäärä;2020-06-02;0
Tapausten lukumäärä;2020-06-03;25
Testausmäärä;2020-06-03;2860
Kuolemantapausten lukumäärä;2020-06-03;0
Tapausten lukumäärä;2020-06-04;12
Testausmäärä;2020-06-04;2798
Kuolemantapausten lukumäärä;2020-06-04;0
Tapausten lukumäärä;2020-06-05;13
Testausmäärä;2020-06-05;2321
Kuolemantapausten lukumäärä;2020-06-05;0
Tapausten lukumäärä;2020-06-06;13
Testausmäärä;2020-06-06;2042
Kuolemantapausten lukumäärä;2020-06-06;0
Tapausten lukumäärä;2020-06-07;4
Testausmäärä;2020-06-07;962
Kuolemantapausten lukumäärä;2020-06-07;0
Tapausten lukumäärä;2020-06-08;10
Testausmäärä;2020-06-08;1842
Kuolemantapausten lukumäärä;2020-06-08;0
Tapausten lukumäärä;2020-06-09;8
Testausmäärä;2020-06-09;2950
Kuolemantapausten lukumäärä;2020-06-09;0
Tapausten lukumäärä;2020-06-10;7
Testausmäärä;2020-06-10;2956
Kuolemantapausten lukumäärä;2020-06-10;0
Tapausten lukumäärä;2020-06-11;9
Testausmäärä;2020-06-11;2973
Kuolemantapausten lukumäärä;2020-06-11;0
Tapausten lukumäärä;2020-06-12;13
Testausmäärä;2020-06-12;2496
Kuolemantapausten lukumäärä;2020-06-12;0
Tapausten lukumäärä;2020-06-13;2
Testausmäärä;2020-06-13;1553
Kuolemantapausten lukumäärä;2020-06-13;0
Tapausten lukumäärä;2020-06-14;5
Testausmäärä;2020-06-14;826
Kuolemantapausten lukumäärä;2020-06-14;0
Tapausten lukumäärä;2020-06-15;16
Testausmäärä;2020-06-15;1899
Kuolemantapausten lukumäärä;2020-06-15;0
Tapausten lukumäärä;2020-06-16;8
Testausmäärä;2020-06-16;2991
Kuolemantapausten lukumäärä;2020-06-16;0
Tapausten lukumäärä;2020-06-17;4
Testausmäärä;2020-06-17;2730
Kuolemantapausten lukumäärä;2020-06-17;0
Tapausten lukumäärä;2020-06-18;8
Testausmäärä;2020-06-18;2069
Kuolemantapausten lukumäärä;2020-06-18;0
Tapausten lukumäärä;2020-06-19;0
Testausmäärä;2020-06-19;1440
Kuolemantapausten lukumäärä;2020-06-19;0
Tapausten lukumäärä;2020-06-20;2
Testausmäärä;2020-06-20;747
Kuolemantapausten lukumäärä;2020-06-20;1
Tapausten lukumäärä;2020-06-21;13
Testausmäärä;2020-06-21;687
Kuolemantapausten lukumäärä;2020-06-21;1
Tapausten lukumäärä;2020-06-22;5
Testausmäärä;2020-06-22;1604
Kuolemantapausten lukumäärä;2020-06-22;0
Tapausten lukumäärä;2020-06-23;5
Testausmäärä;2020-06-23;2635
Kuolemantapausten lukumäärä;2020-06-23;0
Tapausten lukumäärä;2020-06-24;17
Testausmäärä;2020-06-24;2330
Kuolemantapausten lukumäärä;2020-06-24;1
Tapausten lukumäärä;2020-06-25;14
Testausmäärä;2020-06-25;2693
Kuolemantapausten lukumäärä;2020-06-25;0
Tapausten lukumäärä;2020-06-26;3
Testausmäärä;2020-06-26;2176
Kuolemantapausten lukumäärä;2020-06-26;0
Tapausten lukumäärä;2020-06-27;2
Testausmäärä;2020-06-27;1556
Kuolemantapausten lukumäärä;2020-06-27;0
Tapausten lukumäärä;2020-06-28;7
Testausmäärä;2020-06-28;965
Kuolemantapausten lukumäärä;2020-06-28;0
Tapausten lukumäärä;2020-06-29;16
Testausmäärä;2020-06-29;1696
Kuolemantapausten lukumäärä;2020-06-29;1
Tapausten lukumäärä;2020-06-30;10
Testausmäärä;2020-06-30;2834
Kuolemantapausten lukumäärä;2020-06-30;0
Tapausten lukumäärä;2020-07-01;2
Testausmäärä;2020-07-01;2776
Kuolemantapausten lukumäärä;2020-07-01;0
Tapausten lukumäärä;2020-07-02;7
Testausmäärä;2020-07-02;3769
Kuolemantapausten lukumäärä;2020-07-02;0
Tapausten lukumäärä;2020-07-03;6
Testausmäärä;2020-07-03;3240
Kuolemantapausten lukumäärä;2020-07-03;0
Tapausten lukumäärä;2020-07-04;2
Testausmäärä;2020-07-04;2645
Kuolemantapausten lukumäärä;2020-07-04;0
Tapausten lukumäärä;2020-07-05;3
Testausmäärä;2020-07-05;1314
Kuolemantapausten lukumäärä;2020-07-05;0
Tapausten lukumäärä;2020-07-06;8
Testausmäärä;2020-07-06;2239
Kuolemantapausten lukumäärä;2020-07-06;0
Tapausten lukumäärä;2020-07-07;3
Testausmäärä;2020-07-07;4548
Kuolemantapausten lukumäärä;2020-07-07;0
Tapausten lukumäärä;2020-07-08;9
Testausmäärä;2020-07-08;4400
Kuolemantapausten lukumäärä;2020-07-08;0
Tapausten lukumäärä;2020-07-09;8
Testausmäärä;2020-07-09;4876
Kuolemantapausten lukumäärä;2020-07-09;0
Tapausten lukumäärä;2020-07-10;6
Testausmäärä;2020-07-10;4389
Kuolemantapausten lukumäärä;2020-07-10;0
Tapausten lukumäärä;2020-07-11;0
Testausmäärä;2020-07-11;3296
Kuolemantapausten lukumäärä;2020-07-11;0
Tapausten lukumäärä;2020-07-12;4
Testausmäärä;2020-07-12;2332
Kuolemantapausten lukumäärä;2020-07-12;0
Tapausten lukumäärä;2020-07-13;6
Testausmäärä;2020-07-13;3102
Kuolemantapausten lukumäärä;2020-07-13;0
Tapausten lukumäärä;2020-07-14;5
Testausmäärä;2020-07-14;5351
Kuolemantapausten lukumäärä;2020-07-14;0
Tapausten lukumäärä;2020-07-15;5
Testausmäärä;2020-07-15;5431
Kuolemantapausten lukumäärä;2020-07-15;0
Tapausten lukumäärä;2020-07-16;9
Testausmäärä;2020-07-16;4972
Kuolemantapausten lukumäärä;2020-07-16;0
Tapausten lukumäärä;2020-07-17;6
Testausmäärä;2020-07-17;5108
Kuolemantapausten lukumäärä;2020-07-17;0
Tapausten lukumäärä;2020-07-18;7
Testausmäärä;2020-07-18;4131
Kuolemantapausten lukumäärä;2020-07-18;0
Tapausten lukumäärä;2020-07-19;5
Testausmäärä;2020-07-19;2136
Kuolemantapausten lukumäärä;2020-07-19;0
Tapausten lukumäärä;2020-07-20;12
Testausmäärä;2020-07-20;3296
Kuolemantapausten lukumäärä;2020-07-20;1
Tapausten lukumäärä;2020-07-21;8
Testausmäärä;2020-07-21;5462
Kuolemantapausten lukumäärä;2020-07-21;0
Tapausten lukumäärä;2020-07-22;11
Testausmäärä;2020-07-22;5042
Kuolemantapausten lukumäärä;2020-07-22;0
Tapausten lukumäärä;2020-07-23;3
Testausmäärä;2020-07-23;5477
Kuolemantapausten lukumäärä;2020-07-23;0
Tapausten lukumäärä;2020-07-24;10
Testausmäärä;2020-07-24;4752
Kuolemantapausten lukumäärä;2020-07-24;0
Tapausten lukumäärä;2020-07-25;4
Testausmäärä;2020-07-25;3760
Kuolemantapausten lukumäärä;2020-07-25;0
Tapausten lukumäärä;2020-07-26;8
Testausmäärä;2020-07-26;2285
Kuolemantapausten lukumäärä;2020-07-26;0
Tapausten lukumäärä;2020-07-27;12
Testausmäärä;2020-07-27;3403
Kuolemantapausten lukumäärä;2020-07-27;0
Tapausten lukumäärä;2020-07-28;9
Testausmäärä;2020-07-28;5743
Kuolemantapausten lukumäärä;2020-07-28;1
Tapausten lukumäärä;2020-07-29;12
Testausmäärä;2020-07-29;5539
Kuolemantapausten lukumäärä;2020-07-29;1
Tapausten lukumäärä;2020-07-30;8
Testausmäärä;2020-07-30;5635
Kuolemantapausten lukumäärä;2020-07-30;0
Tapausten lukumäärä;2020-07-31;18
Testausmäärä;2020-07-31;5555
Kuolemantapausten lukumäärä;2020-07-31;0
Tapausten lukumäärä;2020-08-01;15
Testausmäärä;2020-08-01;4198
Kuolemantapausten lukumäärä;2020-08-01;0
Tapausten lukumäärä;2020-08-02;10
Testausmäärä;2020-08-02;4568
Kuolemantapausten lukumäärä;2020-08-02;0
Tapausten lukumäärä;2020-08-03;35
Testausmäärä;2020-08-03;5250
Kuolemantapausten lukumäärä;2020-08-03;1
Tapausten lukumäärä;2020-08-04;22
Testausmäärä;2020-08-04;6819
Kuolemantapausten lukumäärä;2020-08-04;0
Tapausten lukumäärä;2020-08-05;29
Testausmäärä;2020-08-05;8536
Kuolemantapausten lukumäärä;2020-08-05;0
Tapausten lukumäärä;2020-08-06;22
Testausmäärä;2020-08-06;7097
Kuolemantapausten lukumäärä;2020-08-06;0
Tapausten lukumäärä;2020-08-07;17
Testausmäärä;2020-08-07;8815
Kuolemantapausten lukumäärä;2020-08-07;0
Tapausten lukumäärä;2020-08-08;9
Testausmäärä;2020-08-08;6327
Kuolemantapausten lukumäärä;2020-08-08;0
Tapausten lukumäärä;2020-08-09;35
Testausmäärä;2020-08-09;5942
Kuolemantapausten lukumäärä;2020-08-09;0
Tapausten lukumäärä;2020-08-10;15
Testausmäärä;2020-08-10;7260
Kuolemantapausten lukumäärä;2020-08-10;0
Tapausten lukumäärä;2020-08-11;28
Testausmäärä;2020-08-11;10638
Kuolemantapausten lukumäärä;2020-08-11;0
Tapausten lukumäärä;2020-08-12;27
Testausmäärä;2020-08-12;11597
Kuolemantapausten lukumäärä;2020-08-12;0
Tapausten lukumäärä;2020-08-13;21
Testausmäärä;2020-08-13;12107
Kuolemantapausten lukumäärä;2020-08-13;0
Tapausten lukumäärä;2020-08-14;27
Testausmäärä;2020-08-14;9621
Kuolemantapausten lukumäärä;2020-08-14;0
Tapausten lukumäärä;2020-08-15;14
Testausmäärä;2020-08-15;10354
Kuolemantapausten lukumäärä;2020-08-15;0
Tapausten lukumäärä;2020-08-16;43
Testausmäärä;2020-08-16;10958
Kuolemantapausten lukumäärä;2020-08-16;1
Tapausten lukumäärä;2020-08-17;27
Testausmäärä;2020-08-17;10919
Kuolemantapausten lukumäärä;2020-08-17;0
Tapausten lukumäärä;2020-08-18;39
Testausmäärä;2020-08-18;12879
Kuolemantapausten lukumäärä;2020-08-18;0
Tapausten lukumäärä;2020-08-19;47
Testausmäärä;2020-08-19;17142
Kuolemantapausten lukumäärä;2020-08-19;0
Tapausten lukumäärä;2020-08-20;27
Testausmäärä;2020-08-20;15969
Kuolemantapausten lukumäärä;2020-08-20;0
Tapausten lukumäärä;2020-08-21;25
Testausmäärä;2020-08-21;16150
Kuolemantapausten lukumäärä;2020-08-21;0
Tapausten lukumäärä;2020-08-22;16
Testausmäärä;2020-08-22;12831
Kuolemantapausten lukumäärä;2020-08-22;0
Tapausten lukumäärä;2020-08-23;11
Testausmäärä;2020-08-23;12725
Kuolemantapausten lukumäärä;2020-08-23;0
Tapausten lukumäärä;2020-08-24;17
Testausmäärä;2020-08-24;14506
Kuolemantapausten lukumäärä;2020-08-24;0
Tapausten lukumäärä;2020-08-25;15
Testausmäärä;2020-08-25;16150
Kuolemantapausten lukumäärä;2020-08-25;0
Tapausten lukumäärä;2020-08-26;20
Testausmäärä;2020-08-26;17490
Kuolemantapausten lukumäärä;2020-08-26;0
Tapausten lukumäärä;2020-08-27;32
Testausmäärä;2020-08-27;17326
Kuolemantapausten lukumäärä;2020-08-27;0
Tapausten lukumäärä;2020-08-28;35
Testausmäärä;2020-08-28;14166
Kuolemantapausten lukumäärä;2020-08-28;0
Tapausten lukumäärä;2020-08-29;19
Testausmäärä;2020-08-29;15175
Kuolemantapausten lukumäärä;2020-08-29;0
Tapausten lukumäärä;2020-08-30;18
Testausmäärä;2020-08-30;13341
Kuolemantapausten lukumäärä;2020-08-30;0
Tapausten lukumäärä;2020-08-31;48
Testausmäärä;2020-08-31;13116
Kuolemantapausten lukumäärä;2020-08-31;1
Tapausten lukumäärä;2020-09-01;29
Testausmäärä;2020-09-01;14797
Kuolemantapausten lukumäärä;2020-09-01;1
Tapausten lukumäärä;2020-09-02;26
Testausmäärä;2020-09-02;17899
Kuolemantapausten lukumäärä;2020-09-02;0
Tapausten lukumäärä;2020-09-03;36
Testausmäärä;2020-09-03;16872
Kuolemantapausten lukumäärä;2020-09-03;0
Tapausten lukumäärä;2020-09-04;42
Testausmäärä;2020-09-04;16079
Kuolemantapausten lukumäärä;2020-09-04;1
Tapausten lukumäärä;2020-09-05;22
Testausmäärä;2020-09-05;14169
Kuolemantapausten lukumäärä;2020-09-05;0
Tapausten lukumäärä;2020-09-06;33
Testausmäärä;2020-09-06;9530
Kuolemantapausten lukumäärä;2020-09-06;1
Tapausten lukumäärä;2020-09-07;45
Testausmäärä;2020-09-07;7288
Kuolemantapausten lukumäärä;2020-09-07;0
Tapausten lukumäärä;2020-09-08;57
Testausmäärä;2020-09-08;12053
Kuolemantapausten lukumäärä;2020-09-08;0
Tapausten lukumäärä;2020-09-09;55
Testausmäärä;2020-09-09;14213
Kuolemantapausten lukumäärä;2020-09-09;3
Tapausten lukumäärä;2020-09-10;54
Testausmäärä;2020-09-10;13000
Kuolemantapausten lukumäärä;2020-09-10;0
Tapausten lukumäärä;2020-09-11;58
Testausmäärä;2020-09-11;14441
Kuolemantapausten lukumäärä;2020-09-11;2
Tapausten lukumäärä;2020-09-12;40
Testausmäärä;2020-09-12;10330
Kuolemantapausten lukumäärä;2020-09-12;0
Tapausten lukumäärä;2020-09-13;45
Testausmäärä;2020-09-13;8400
Kuolemantapausten lukumäärä;2020-09-13;0
Tapausten lukumäärä;2020-09-14;59
Testausmäärä;2020-09-14;9184
Kuolemantapausten lukumäärä;2020-09-14;1
Tapausten lukumäärä;2020-09-15;53
Testausmäärä;2020-09-15;13585
Kuolemantapausten lukumäärä;2020-09-15;0
Tapausten lukumäärä;2020-09-16;58
Testausmäärä;2020-09-16;17146
Kuolemantapausten lukumäärä;2020-09-16;1
Tapausten lukumäärä;2020-09-17;85
Testausmäärä;2020-09-17;18415
Kuolemantapausten lukumäärä;2020-09-17;0
Tapausten lukumäärä;2020-09-18;77
Testausmäärä;2020-09-18;16891
Kuolemantapausten lukumäärä;2020-09-18;0
Tapausten lukumäärä;2020-09-19;64
Testausmäärä;2020-09-19;12256
Kuolemantapausten lukumäärä;2020-09-19;0
Tapausten lukumäärä;2020-09-20;74
Testausmäärä;2020-09-20;10322
Kuolemantapausten lukumäärä;2020-09-20;0
Tapausten lukumäärä;2020-09-21;120
Testausmäärä;2020-09-21;8746
Kuolemantapausten lukumäärä;2020-09-21;0
Tapausten lukumäärä;2020-09-22;110
Testausmäärä;2020-09-22;14194
Kuolemantapausten lukumäärä;2020-09-22;1
Tapausten lukumäärä;2020-09-23;118
Testausmäärä;2020-09-23;13652
Kuolemantapausten lukumäärä;2020-09-23;2
Tapausten lukumäärä;2020-09-24;98
Testausmäärä;2020-09-24;16563
Kuolemantapausten lukumäärä;2020-09-24;0
Tapausten lukumäärä;2020-09-25;128
Testausmäärä;2020-09-25;14512
Kuolemantapausten lukumäärä;2020-09-25;1
Tapausten lukumäärä;2020-09-26;74
Testausmäärä;2020-09-26;14760
Kuolemantapausten lukumäärä;2020-09-26;0
Tapausten lukumäärä;2020-09-27;71
Testausmäärä;2020-09-27;8978
Kuolemantapausten lukumäärä;2020-09-27;0
Tapausten lukumäärä;2020-09-28;124
Testausmäärä;2020-09-28;11263
Kuolemantapausten lukumäärä;2020-09-28;0
Tapausten lukumäärä;2020-09-29;134
Testausmäärä;2020-09-29;11771
Kuolemantapausten lukumäärä;2020-09-29;0
Tapausten lukumäärä;2020-09-30;168
Testausmäärä;2020-09-30;15401
Kuolemantapausten lukumäärä;2020-09-30;0
Tapausten lukumäärä;2020-10-01;191
Testausmäärä;2020-10-01;12134
Kuolemantapausten lukumäärä;2020-10-01;2
Tapausten lukumäärä;2020-10-02;187
Testausmäärä;2020-10-02;12512
Kuolemantapausten lukumäärä;2020-10-02;0
Tapausten lukumäärä;2020-10-03;178
Testausmäärä;2020-10-03;12108
Kuolemantapausten lukumäärä;2020-10-03;0
Tapausten lukumäärä;2020-10-04;148
Testausmäärä;2020-10-04;9854
Kuolemantapausten lukumäärä;2020-10-04;0
Tapausten lukumäärä;2020-10-05;291
Testausmäärä;2020-10-05;11413
Kuolemantapausten lukumäärä;2020-10-05;2
Tapausten lukumäärä;2020-10-06;301
Testausmäärä;2020-10-06;15492
Kuolemantapausten lukumäärä;2020-10-06;1
Tapausten lukumäärä;2020-10-07;306
Testausmäärä;2020-10-07;17602
Kuolemantapausten lukumäärä;2020-10-07;2
Tapausten lukumäärä;2020-10-08;259
Testausmäärä;2020-10-08;17228
Kuolemantapausten lukumäärä;2020-10-08;0
Tapausten lukumäärä;2020-10-09;226
Testausmäärä;2020-10-09;17262
Kuolemantapausten lukumäärä;2020-10-09;0
Tapausten lukumäärä;2020-10-10;111
Testausmäärä;2020-10-10;14774
Kuolemantapausten lukumäärä;2020-10-10;1
Tapausten lukumäärä;2020-10-11;132
Testausmäärä;2020-10-11;9812
Kuolemantapausten lukumäärä;2020-10-11;2
Tapausten lukumäärä;2020-10-12;256
Testausmäärä;2020-10-12;13285
Kuolemantapausten lukumäärä;2020-10-12;0
Tapausten lukumäärä;2020-10-13;199
Testausmäärä;2020-10-13;17349
Kuolemantapausten lukumäärä;2020-10-13;0
Tapausten lukumäärä;2020-10-14;202
Testausmäärä;2020-10-14;17602
Kuolemantapausten lukumäärä;2020-10-14;2
Tapausten lukumäärä;2020-10-15;191
Testausmäärä;2020-10-15;17031
Kuolemantapausten lukumäärä;2020-10-15;0
Tapausten lukumäärä;2020-10-16;195
Testausmäärä;2020-10-16;14710
Kuolemantapausten lukumäärä;2020-10-16;1
Tapausten lukumäärä;2020-10-17;104
Testausmäärä;2020-10-17;11610
Kuolemantapausten lukumäärä;2020-10-17;0
Tapausten lukumäärä;2020-10-18;129
Testausmäärä;2020-10-18;8424
Kuolemantapausten lukumäärä;2020-10-18;0
Tapausten lukumäärä;2020-10-19;243
Testausmäärä;2020-10-19;11089
Kuolemantapausten lukumäärä;2020-10-19;3
Tapausten lukumäärä;2020-10-20;167
Testausmäärä;2020-10-20;16364
Kuolemantapausten lukumäärä;2020-10-20;0
Tapausten lukumäärä;2020-10-21;188
Testausmäärä;2020-10-21;17648
Kuolemantapausten lukumäärä;2020-10-21;0
Tapausten lukumäärä;2020-10-22;223
Testausmäärä;2020-10-22;17457
Kuolemantapausten lukumäärä;2020-10-22;1
Tapausten lukumäärä;2020-10-23;194
Testausmäärä;2020-10-23;16372
Kuolemantapausten lukumäärä;2020-10-23;1
Tapausten lukumäärä;2020-10-24;107
Testausmäärä;2020-10-24;11629
Kuolemantapausten lukumäärä;2020-10-24;0
Tapausten lukumäärä;2020-10-25;124
Testausmäärä;2020-10-25;7203
Kuolemantapausten lukumäärä;2020-10-25;1
Tapausten lukumäärä;2020-10-26;255
Testausmäärä;2020-10-26;11894
Kuolemantapausten lukumäärä;2020-10-26;0
Tapausten lukumäärä;2020-10-27;234
Testausmäärä;2020-10-27;18584
Kuolemantapausten lukumäärä;2020-10-27;1
Tapausten lukumäärä;2020-10-28;240
Testausmäärä;2020-10-28;16275
Kuolemantapausten lukumäärä;2020-10-28;0
Tapausten lukumäärä;2020-10-29;236
Testausmäärä;2020-10-29;15077
Kuolemantapausten lukumäärä;2020-10-29;0
Tapausten lukumäärä;2020-10-30;220
Testausmäärä;2020-10-30;12349
Kuolemantapausten lukumäärä;2020-10-30;1
Tapausten lukumäärä;2020-10-31;121
Testausmäärä;2020-10-31;8858
Kuolemantapausten lukumäärä;2020-10-31;0
Tapausten lukumäärä;2020-11-01;151
Testausmäärä;2020-11-01;5984
Kuolemantapausten lukumäärä;2020-11-01;0
Tapausten lukumäärä;2020-11-02;287
Testausmäärä;2020-11-02;9755
Kuolemantapausten lukumäärä;2020-11-02;0
Tapausten lukumäärä;2020-11-03;241
Testausmäärä;2020-11-03;16077
Kuolemantapausten lukumäärä;2020-11-03;0
Tapausten lukumäärä;2020-11-04;214
Testausmäärä;2020-11-04;17293
Kuolemantapausten lukumäärä;2020-11-04;0
Tapausten lukumäärä;2020-11-05;218
Testausmäärä;2020-11-05;15315
Kuolemantapausten lukumäärä;2020-11-05;0
Tapausten lukumäärä;2020-11-06;196
Testausmäärä;2020-11-06;15128
Kuolemantapausten lukumäärä;2020-11-06;2
Tapausten lukumäärä;2020-11-07;128
Testausmäärä;2020-11-07;9833
Kuolemantapausten lukumäärä;2020-11-07;2
Tapausten lukumäärä;2020-11-08;132
Testausmäärä;2020-11-08;5786
Kuolemantapausten lukumäärä;2020-11-08;7
Tapausten lukumäärä;2020-11-09;273
Testausmäärä;2020-11-09;11753
Kuolemantapausten lukumäärä;2020-11-09;3
Tapausten lukumäärä;2020-11-10;206
Testausmäärä;2020-11-10;16694
Kuolemantapausten lukumäärä;2020-11-10;0
Tapausten lukumäärä;2020-11-11;295
Testausmäärä;2020-11-11;16387
Kuolemantapausten lukumäärä;2020-11-11;1
Tapausten lukumäärä;2020-11-12;284
Testausmäärä;2020-11-12;15852
Kuolemantapausten lukumäärä;2020-11-12;4
Tapausten lukumäärä;2020-11-13;268
Testausmäärä;2020-11-13;13392
Kuolemantapausten lukumäärä;2020-11-13;7
Tapausten lukumäärä;2020-11-14;145
Testausmäärä;2020-11-14;10836
Kuolemantapausten lukumäärä;2020-11-14;2
Tapausten lukumäärä;2020-11-15;180
Testausmäärä;2020-11-15;6648
Kuolemantapausten lukumäärä;2020-11-15;2
Tapausten lukumäärä;2020-11-16;393
Testausmäärä;2020-11-16;12667
Kuolemantapausten lukumäärä;2020-11-16;1
Tapausten lukumäärä;2020-11-17;388
Testausmäärä;2020-11-17;18246
Kuolemantapausten lukumäärä;2020-11-17;1
Tapausten lukumäärä;2020-11-18;377
Testausmäärä;2020-11-18;17093
Kuolemantapausten lukumäärä;2020-11-18;3
Tapausten lukumäärä;2020-11-19;478
Testausmäärä;2020-11-19;16789
Kuolemantapausten lukumäärä;2020-11-19;3
Tapausten lukumäärä;2020-11-20;428
Testausmäärä;2020-11-20;17748
Kuolemantapausten lukumäärä;2020-11-20;6
Tapausten lukumäärä;2020-11-21;270
Testausmäärä;2020-11-21;13047
Kuolemantapausten lukumäärä;2020-11-21;10
Tapausten lukumäärä;2020-11-22;267
Testausmäärä;2020-11-22;8718
Kuolemantapausten lukumäärä;2020-11-22;4
Tapausten lukumäärä;2020-11-23;504
Testausmäärä;2020-11-23;14688
Kuolemantapausten lukumäärä;2020-11-23;5
Tapausten lukumäärä;2020-11-24;471
Testausmäärä;2020-11-24;20984
Kuolemantapausten lukumäärä;2020-11-24;6
Tapausten lukumäärä;2020-11-25;619
Testausmäärä;2020-11-25;23296
Kuolemantapausten lukumäärä;2020-11-25;8
Tapausten lukumäärä;2020-11-26;510
Testausmäärä;2020-11-26;21928
Kuolemantapausten lukumäärä;2020-11-26;2
Tapausten lukumäärä;2020-11-27;456
Testausmäärä;2020-11-27;21658
Kuolemantapausten lukumäärä;2020-11-27;6
Tapausten lukumäärä;2020-11-28;284
Testausmäärä;2020-11-28;16298
Kuolemantapausten lukumäärä;2020-11-28;2
Tapausten lukumäärä;2020-11-29;293
Testausmäärä;2020-11-29;13935
Kuolemantapausten lukumäärä;2020-11-29;5
Tapausten lukumäärä;2020-11-30;596
Testausmäärä;2020-11-30;14556
Kuolemantapausten lukumäärä;2020-11-30;10
Tapausten lukumäärä;2020-12-01;440
Testausmäärä;2020-12-01;20889
Kuolemantapausten lukumäärä;2020-12-01;2
Tapausten lukumäärä;2020-12-02;495
Testausmäärä;2020-12-02;23756
Kuolemantapausten lukumäärä;2020-12-02;7
Tapausten lukumäärä;2020-12-03;478
Testausmäärä;2020-12-03;21894
Kuolemantapausten lukumäärä;2020-12-03;7
Tapausten lukumäärä;2020-12-04;473
Testausmäärä;2020-12-04;21704
Kuolemantapausten lukumäärä;2020-12-04;3
Tapausten lukumäärä;2020-12-05;250
Testausmäärä;2020-12-05;17866
Kuolemantapausten lukumäärä;2020-12-05;6
Tapausten lukumäärä;2020-12-06;283
Testausmäärä;2020-12-06;11462
Kuolemantapausten lukumäärä;2020-12-06;10
Tapausten lukumäärä;2020-12-07;587
Testausmäärä;2020-12-07;15644
Kuolemantapausten lukumäärä;2020-12-07;10
Tapausten lukumäärä;2020-12-08;478
Testausmäärä;2020-12-08;21326
Kuolemantapausten lukumäärä;2020-12-08;3
Tapausten lukumäärä;2020-12-09;462
Testausmäärä;2020-12-09;21645
Kuolemantapausten lukumäärä;2020-12-09;5
Tapausten lukumäärä;2020-12-10;407
Testausmäärä;2020-12-10;18679
Kuolemantapausten lukumäärä;2020-12-10;4
Tapausten lukumäärä;2020-12-11;447
Testausmäärä;2020-12-11;19191
Kuolemantapausten lukumäärä;2020-12-11;8
Tapausten lukumäärä;2020-12-12;249
Testausmäärä;2020-12-12;13877
Kuolemantapausten lukumäärä;2020-12-12;3
Tapausten lukumäärä;2020-12-13;276
Testausmäärä;2020-12-13;10414
Kuolemantapausten lukumäärä;2020-12-13;5
Tapausten lukumäärä;2020-12-14;463
Testausmäärä;2020-12-14;15189
Kuolemantapausten lukumäärä;2020-12-14;11
Tapausten lukumäärä;2020-12-15;360
Testausmäärä;2020-12-15;22630
Kuolemantapausten lukumäärä;2020-12-15;7
Tapausten lukumäärä;2020-12-16;352
Testausmäärä;2020-12-16;18732
Kuolemantapausten lukumäärä;2020-12-16;4
Tapausten lukumäärä;2020-12-17;325
Testausmäärä;2020-12-17;20440
Kuolemantapausten lukumäärä;2020-12-17;1
Tapausten lukumäärä;2020-12-18;394
Testausmäärä;2020-12-18;19754
Kuolemantapausten lukumäärä;2020-12-18;5
Tapausten lukumäärä;2020-12-19;191
Testausmäärä;2020-12-19;15100
Kuolemantapausten lukumäärä;2020-12-19;3
Tapausten lukumäärä;2020-12-20;244
Testausmäärä;2020-12-20;11966
Kuolemantapausten lukumäärä;2020-12-20;4
Tapausten lukumäärä;2020-12-21;375
Testausmäärä;2020-12-21;15149
Kuolemantapausten lukumäärä;2020-12-21;4
Tapausten lukumäärä;2020-12-22;332
Testausmäärä;2020-12-22;22266
Kuolemantapausten lukumäärä;2020-12-22;5
Tapausten lukumäärä;2020-12-23;277
Testausmäärä;2020-12-23;21217
Kuolemantapausten lukumäärä;2020-12-23;3
Tapausten lukumäärä;2020-12-24;138
Testausmäärä;2020-12-24;11339
Kuolemantapausten lukumäärä;2020-12-24;3
Tapausten lukumäärä;2020-12-25;157
Testausmäärä;2020-12-25;6857
Kuolemantapausten lukumäärä;2020-12-25;2
Tapausten lukumäärä;2020-12-26;183
Testausmäärä;2020-12-26;6415
Kuolemantapausten lukumäärä;2020-12-26;0
Tapausten lukumäärä;2020-12-27;191
Testausmäärä;2020-12-27;7345
Kuolemantapausten lukumäärä;2020-12-27;4
Tapausten lukumäärä;2020-12-28;435
Testausmäärä;2020-12-28;11585
Kuolemantapausten lukumäärä;2020-12-28;5
Tapausten lukumäärä;2020-12-29;308
Testausmäärä;2020-12-29;15715
Kuolemantapausten lukumäärä;2020-12-29;2
Tapausten lukumäärä;2020-12-30;255
Testausmäärä;2020-12-30;14322
Kuolemantapausten lukumäärä;2020-12-30;4
Tapausten lukumäärä;2020-12-31;254
Testausmäärä;2020-12-31;11974
Kuolemantapausten lukumäärä;2020-12-31;6
Tapausten lukumäärä;2021-01-01;128
Testausmäärä;2021-01-01;6829
Kuolemantapausten lukumäärä;2021-01-01;3
Tapausten lukumäärä;2021-01-02;205
Testausmäärä;2021-01-02;7017
Kuolemantapausten lukumäärä;2021-01-02;4
Tapausten lukumäärä;2021-01-03;169
Testausmäärä;2021-01-03;6495
Kuolemantapausten lukumäärä;2021-01-03;3
Tapausten lukumäärä;2021-01-04;396
Testausmäärä;2021-01-04;10678
Kuolemantapausten lukumäärä;2021-01-04;7
Tapausten lukumäärä;2021-01-05;262
Testausmäärä;2021-01-05;14981
Kuolemantapausten lukumäärä;2021-01-05;4
Tapausten lukumäärä;2021-01-06;208
Testausmäärä;2021-01-06;10861
Kuolemantapausten lukumäärä;2021-01-06;3
Tapausten lukumäärä;2021-01-07;332
Testausmäärä;2021-01-07;8976
Kuolemantapausten lukumäärä;2021-01-07;3
Tapausten lukumäärä;2021-01-08;252
Testausmäärä;2021-01-08;13740
Kuolemantapausten lukumäärä;2021-01-08;4
Tapausten lukumäärä;2021-01-09;193
Testausmäärä;2021-01-09;10979
Kuolemantapausten lukumäärä;2021-01-09;2
Tapausten lukumäärä;2021-01-10;188
Testausmäärä;2021-01-10;6501
Kuolemantapausten lukumäärä;2021-01-10;3
Tapausten lukumäärä;2021-01-11;386
Testausmäärä;2021-01-11;9375
Kuolemantapausten lukumäärä;2021-01-11;8
Tapausten lukumäärä;2021-01-12;229
Testausmäärä;2021-01-12;14430
Kuolemantapausten lukumäärä;2021-01-12;9
Tapausten lukumäärä;2021-01-13;258
Testausmäärä;2021-01-13;12971
Kuolemantapausten lukumäärä;2021-01-13;5
Tapausten lukumäärä;2021-01-14;248
Testausmäärä;2021-01-14;11127
Kuolemantapausten lukumäärä;2021-01-14;5
Tapausten lukumäärä;2021-01-15;266
Testausmäärä;2021-01-15;11189
Kuolemantapausten lukumäärä;2021-01-15;1
Tapausten lukumäärä;2021-01-16;171
Testausmäärä;2021-01-16;9323
Kuolemantapausten lukumäärä;2021-01-16;1
Tapausten lukumäärä;2021-01-17;198
Testausmäärä;2021-01-17;5160
Kuolemantapausten lukumäärä;2021-01-17;0
Tapausten lukumäärä;2021-01-18;447
Testausmäärä;2021-01-18;9367
Kuolemantapausten lukumäärä;2021-01-18;1
Tapausten lukumäärä;2021-01-19;342
Testausmäärä;2021-01-19;16872
Kuolemantapausten lukumäärä;2021-01-19;4
Tapausten lukumäärä;2021-01-20;406
Testausmäärä;2021-01-20;15794
Kuolemantapausten lukumäärä;2021-01-20;12
Tapausten lukumäärä;2021-01-21;377
Testausmäärä;2021-01-21;15746
Kuolemantapausten lukumäärä;2021-01-21;4
Tapausten lukumäärä;2021-01-22;361
Testausmäärä;2021-01-22;16859
Kuolemantapausten lukumäärä;2021-01-22;2
Tapausten lukumäärä;2021-01-23;168
Testausmäärä;2021-01-23;11627
Kuolemantapausten lukumäärä;2021-01-23;2
Tapausten lukumäärä;2021-01-24;247
Testausmäärä;2021-01-24;8716
Kuolemantapausten lukumäärä;2021-01-24;2
Tapausten lukumäärä;2021-01-25;604
Testausmäärä;2021-01-25;11433
Kuolemantapausten lukumäärä;2021-01-25;5
Tapausten lukumäärä;2021-01-26;397
Testausmäärä;2021-01-26;20056
Kuolemantapausten lukumäärä;2021-01-26;3
Tapausten lukumäärä;2021-01-27;382
Testausmäärä;2021-01-27;16789
Kuolemantapausten lukumäärä;2021-01-27;0
Tapausten lukumäärä;2021-01-28;435
Testausmäärä;2021-01-28;16570
Kuolemantapausten lukumäärä;2021-01-28;1
Tapausten lukumäärä;2021-01-29;379
Testausmäärä;2021-01-29;18667
Kuolemantapausten lukumäärä;2021-01-29;3
Tapausten lukumäärä;2021-01-30;234
Testausmäärä;2021-01-30;12391
Kuolemantapausten lukumäärä;2021-01-30;1
Tapausten lukumäärä;2021-01-31;274
Testausmäärä;2021-01-31;10583
Kuolemantapausten lukumäärä;2021-01-31;0
Tapausten lukumäärä;2021-02-01;533
Testausmäärä;2021-02-01;12904
Kuolemantapausten lukumäärä;2021-02-01;6
Tapausten lukumäärä;2021-02-02;396
Testausmäärä;2021-02-02;19672
Kuolemantapausten lukumäärä;2021-02-02;2
Tapausten lukumäärä;2021-02-03;441
Testausmäärä;2021-02-03;22844
Kuolemantapausten lukumäärä;2021-02-03;3
Tapausten lukumäärä;2021-02-04;372
Testausmäärä;2021-02-04;19448
Kuolemantapausten lukumäärä;2021-02-04;1
Tapausten lukumäärä;2021-02-05;367
Testausmäärä;2021-02-05;18024
Kuolemantapausten lukumäärä;2021-02-05;2
Tapausten lukumäärä;2021-02-06;237
Testausmäärä;2021-02-06;14201
Kuolemantapausten lukumäärä;2021-02-06;0
Tapausten lukumäärä;2021-02-07;264
Testausmäärä;2021-02-07;9095
Kuolemantapausten lukumäärä;2021-02-07;2
Tapausten lukumäärä;2021-02-08;461
Testausmäärä;2021-02-08;14031
Kuolemantapausten lukumäärä;2021-02-08;5
Tapausten lukumäärä;2021-02-09;373
Testausmäärä;2021-02-09;22063
Kuolemantapausten lukumäärä;2021-02-09;0
Tapausten lukumäärä;2021-02-10;383
Testausmäärä;2021-02-10;20690
Kuolemantapausten lukumäärä;2021-02-10;5
Tapausten lukumäärä;2021-02-11;361
Testausmäärä;2021-02-11;18768
Kuolemantapausten lukumäärä;2021-02-11;2
Tapausten lukumäärä;2021-02-12;417
Testausmäärä;2021-02-12;18433
Kuolemantapausten lukumäärä;2021-02-12;2
Tapausten lukumäärä;2021-02-13;279
Testausmäärä;2021-02-13;12932
Kuolemantapausten lukumäärä;2021-02-13;4
Tapausten lukumäärä;2021-02-14;281
Testausmäärä;2021-02-14;9916
Kuolemantapausten lukumäärä;2021-02-14;4
Tapausten lukumäärä;2021-02-15;617
Testausmäärä;2021-02-15;15047
Kuolemantapausten lukumäärä;2021-02-15;1
Tapausten lukumäärä;2021-02-16;513
Testausmäärä;2021-02-16;21948
Kuolemantapausten lukumäärä;2021-02-16;5
Tapausten lukumäärä;2021-02-17;553
Testausmäärä;2021-02-17;20831
Kuolemantapausten lukumäärä;2021-02-17;2
Tapausten lukumäärä;2021-02-18;614
Testausmäärä;2021-02-18;21616
Kuolemantapausten lukumäärä;2021-02-18;2
Tapausten lukumäärä;2021-02-19;572
Testausmäärä;2021-02-19;19672
Kuolemantapausten lukumäärä;2021-02-19;3
Tapausten lukumäärä;2021-02-20;318
Testausmäärä;2021-02-20;16123
Kuolemantapausten lukumäärä;2021-02-20;2
Tapausten lukumäärä;2021-02-21;355
Testausmäärä;2021-02-21;11944
Kuolemantapausten lukumäärä;2021-02-21;1
Tapausten lukumäärä;2021-02-22;623
Testausmäärä;2021-02-22;21503
Kuolemantapausten lukumäärä;2021-02-22;5
Tapausten lukumäärä;2021-02-23;625
Testausmäärä;2021-02-23;23014
Kuolemantapausten lukumäärä;2021-02-23;9
Tapausten lukumäärä;2021-02-24;599
Testausmäärä;2021-02-24;21893
Kuolemantapausten lukumäärä;2021-02-24;2
Tapausten lukumäärä;2021-02-25;629
Testausmäärä;2021-02-25;22370
Kuolemantapausten lukumäärä;2021-02-25;7
Tapausten lukumäärä;2021-02-26;688
Testausmäärä;2021-02-26;22189
Kuolemantapausten lukumäärä;2021-02-26;3
Tapausten lukumäärä;2021-02-27;405
Testausmäärä;2021-02-27;17755
Kuolemantapausten lukumäärä;2021-02-27;1
Tapausten lukumäärä;2021-02-28;422
Testausmäärä;2021-02-28;9902
Kuolemantapausten lukumäärä;2021-02-28;1
Tapausten lukumäärä;2021-03-01;871
Testausmäärä;2021-03-01;18355
Kuolemantapausten lukumäärä;2021-03-01;7
Tapausten lukumäärä;2021-03-02;756
Testausmäärä;2021-03-02;26550
Kuolemantapausten lukumäärä;2021-03-02;2
Tapausten lukumäärä;2021-03-03;733
Testausmäärä;2021-03-03;23809
Kuolemantapausten lukumäärä;2021-03-03;1
Tapausten lukumäärä;2021-03-04;638
Testausmäärä;2021-03-04;23734
Kuolemantapausten lukumäärä;2021-03-04;2
Tapausten lukumäärä;2021-03-05;630
Testausmäärä;2021-03-05;23036
Kuolemantapausten lukumäärä;2021-03-05;3
Tapausten lukumäärä;2021-03-06;433
Testausmäärä;2021-03-06;19597
Kuolemantapausten lukumäärä;2021-03-06;1
Tapausten lukumäärä;2021-03-07;396
Testausmäärä;2021-03-07;13329
Kuolemantapausten lukumäärä;2021-03-07;2
Tapausten lukumäärä;2021-03-08;834
Testausmäärä;2021-03-08;21635
Kuolemantapausten lukumäärä;2021-03-08;9
Tapausten lukumäärä;2021-03-09;771
Testausmäärä;2021-03-09;23745
Kuolemantapausten lukumäärä;2021-03-09;4
Tapausten lukumäärä;2021-03-10;822
Testausmäärä;2021-03-10;24409
Kuolemantapausten lukumäärä;2021-03-10;4
Tapausten lukumäärä;2021-03-11;780
Testausmäärä;2021-03-11;24562
Kuolemantapausten lukumäärä;2021-03-11;4
Tapausten lukumäärä;2021-03-12;808
Testausmäärä;2021-03-12;22295
Kuolemantapausten lukumäärä;2021-03-12;4
Tapausten lukumäärä;2021-03-13;495
Testausmäärä;2021-03-13;18510
Kuolemantapausten lukumäärä;2021-03-13;4
Tapausten lukumäärä;2021-03-14;435
Testausmäärä;2021-03-14;15356
Kuolemantapausten lukumäärä;2021-03-14;0
Tapausten lukumäärä;2021-03-15;892
Testausmäärä;2021-03-15;18210
Kuolemantapausten lukumäärä;2021-03-15;1
Tapausten lukumäärä;2021-03-16;767
Testausmäärä;2021-03-16;29196
Kuolemantapausten lukumäärä;2021-03-16;1
Tapausten lukumäärä;2021-03-17;743
Testausmäärä;2021-03-17;25228
Kuolemantapausten lukumäärä;2021-03-17;3
Tapausten lukumäärä;2021-03-18;739
Testausmäärä;2021-03-18;23215
Kuolemantapausten lukumäärä;2021-03-18;4
Tapausten lukumäärä;2021-03-19;745
Testausmäärä;2021-03-19;22845
Kuolemantapausten lukumäärä;2021-03-19;7
Tapausten lukumäärä;2021-03-20;404
Testausmäärä;2021-03-20;16822
Kuolemantapausten lukumäärä;2021-03-20;4
Tapausten lukumäärä;2021-03-21;420
Testausmäärä;2021-03-21;11691
Kuolemantapausten lukumäärä;2021-03-21;0
Tapausten lukumäärä;2021-03-22;768
Testausmäärä;2021-03-22;18893
Kuolemantapausten lukumäärä;2021-03-22;6
Tapausten lukumäärä;2021-03-23;703
Testausmäärä;2021-03-23;26958
Kuolemantapausten lukumäärä;2021-03-23;5
Tapausten lukumäärä;2021-03-24;695
Testausmäärä;2021-03-24;22244
Kuolemantapausten lukumäärä;2021-03-24;4
Tapausten lukumäärä;2021-03-25;606
Testausmäärä;2021-03-25;22482
Kuolemantapausten lukumäärä;2021-03-25;2
Tapausten lukumäärä;2021-03-26;688
Testausmäärä;2021-03-26;21311
Kuolemantapausten lukumäärä;2021-03-26;3
Tapausten lukumäärä;2021-03-27;352
Testausmäärä;2021-03-27;15612
Kuolemantapausten lukumäärä;2021-03-27;4
Tapausten lukumäärä;2021-03-28;375
Testausmäärä;2021-03-28;10367
Kuolemantapausten lukumäärä;2021-03-28;1
Tapausten lukumäärä;2021-03-29;655
Testausmäärä;2021-03-29;18258
Kuolemantapausten lukumäärä;2021-03-29;3
Tapausten lukumäärä;2021-03-30;572
Testausmäärä;2021-03-30;23789
Kuolemantapausten lukumäärä;2021-03-30;2
Tapausten lukumäärä;2021-03-31;550
Testausmäärä;2021-03-31;25589
Kuolemantapausten lukumäärä;2021-03-31;1
Tapausten lukumäärä;2021-04-01;486
Testausmäärä;2021-04-01;20672
Kuolemantapausten lukumäärä;2021-04-01;2
Tapausten lukumäärä;2021-04-02;361
Testausmäärä;2021-04-02;17648
Kuolemantapausten lukumäärä;2021-04-02;2
Tapausten lukumäärä;2021-04-03;324
Testausmäärä;2021-04-03;9811
Kuolemantapausten lukumäärä;2021-04-03;3
Tapausten lukumäärä;2021-04-04;322
Testausmäärä;2021-04-04;10252
Kuolemantapausten lukumäärä;2021-04-04;1
Tapausten lukumäärä;2021-04-05;360
Testausmäärä;2021-04-05;10642
Kuolemantapausten lukumäärä;2021-04-05;0
Tapausten lukumäärä;2021-04-06;544
Testausmäärä;2021-04-06;20550
Kuolemantapausten lukumäärä;2021-04-06;1
Tapausten lukumäärä;2021-04-07;426
Testausmäärä;2021-04-07;22889
Kuolemantapausten lukumäärä;2021-04-07;4
Tapausten lukumäärä;2021-04-08;407
Testausmäärä;2021-04-08;21283
Kuolemantapausten lukumäärä;2021-04-08;1
Tapausten lukumäärä;2021-04-09;352
Testausmäärä;2021-04-09;20665
Kuolemantapausten lukumäärä;2021-04-09;2
Tapausten lukumäärä;2021-04-10;227
Testausmäärä;2021-04-10;17227
Kuolemantapausten lukumäärä;2021-04-10;2
Tapausten lukumäärä;2021-04-11;240
Testausmäärä;2021-04-11;8796
Kuolemantapausten lukumäärä;2021-04-11;0
Tapausten lukumäärä;2021-04-12;399
Testausmäärä;2021-04-12;16248
Kuolemantapausten lukumäärä;2021-04-12;1
Tapausten lukumäärä;2021-04-13;323
Testausmäärä;2021-04-13;23563
Kuolemantapausten lukumäärä;2021-04-13;4
Tapausten lukumäärä;2021-04-14;344
Testausmäärä;2021-04-14;18041
Kuolemantapausten lukumäärä;2021-04-14;1
Tapausten lukumäärä;2021-04-15;274
Testausmäärä;2021-04-15;19689
Kuolemantapausten lukumäärä;2021-04-15;2
Tapausten lukumäärä;2021-04-16;265
Testausmäärä;2021-04-16;17111
Kuolemantapausten lukumäärä;2021-04-16;5
Tapausten lukumäärä;2021-04-17;172
Testausmäärä;2021-04-17;10836
Kuolemantapausten lukumäärä;2021-04-17;2
Tapausten lukumäärä;2021-04-18;156
Testausmäärä;2021-04-18;10184
Kuolemantapausten lukumäärä;2021-04-18;0
Tapausten lukumäärä;2021-04-19;286
Testausmäärä;2021-04-19;18542
Kuolemantapausten lukumäärä;2021-04-19;3
Tapausten lukumäärä;2021-04-20;286
Testausmäärä;2021-04-20;20528
Kuolemantapausten lukumäärä;2021-04-20;1
Tapausten lukumäärä;2021-04-21;233
Testausmäärä;2021-04-21;18732
Kuolemantapausten lukumäärä;2021-04-21;2
Tapausten lukumäärä;2021-04-22;256
Testausmäärä;2021-04-22;20508
Kuolemantapausten lukumäärä;2021-04-22;0
Tapausten lukumäärä;2021-04-23;255
Testausmäärä;2021-04-23;17681
Kuolemantapausten lukumäärä;2021-04-23;1
Tapausten lukumäärä;2021-04-24;154
Testausmäärä;2021-04-24;12662
Kuolemantapausten lukumäärä;2021-04-24;1
Tapausten lukumäärä;2021-04-25;140
Testausmäärä;2021-04-25;8909
Kuolemantapausten lukumäärä;2021-04-25;0
Tapausten lukumäärä;2021-04-26;242
Testausmäärä;2021-04-26;16402
Kuolemantapausten lukumäärä;2021-04-26;3
Tapausten lukumäärä;2021-04-27;229
Testausmäärä;2021-04-27;21938
Kuolemantapausten lukumäärä;2021-04-27;2
Tapausten lukumäärä;2021-04-28;274
Testausmäärä;2021-04-28;24005
Kuolemantapausten lukumäärä;2021-04-28;2
Tapausten lukumäärä;2021-04-29;201
Testausmäärä;2021-04-29;18767
Kuolemantapausten lukumäärä;2021-04-29;1
Tapausten lukumäärä;2021-04-30;197
Testausmäärä;2021-04-30;18610
Kuolemantapausten lukumäärä;2021-04-30;2
Tapausten lukumäärä;2021-05-01;109
Testausmäärä;2021-05-01;11515
Kuolemantapausten lukumäärä;2021-05-01;0
Tapausten lukumäärä;2021-05-02;135
Testausmäärä;2021-05-02;9296
Kuolemantapausten lukumäärä;2021-05-02;2
Tapausten lukumäärä;2021-05-03;316
Testausmäärä;2021-05-03;18462
Kuolemantapausten lukumäärä;2021-05-03;0
Tapausten lukumäärä;2021-05-04;206
Testausmäärä;2021-05-04;24914
Kuolemantapausten lukumäärä;2021-05-04;0
Tapausten lukumäärä;2021-05-05;265
Testausmäärä;2021-05-05;23581
Kuolemantapausten lukumäärä;2021-05-05;1
Tapausten lukumäärä;2021-05-06;239
Testausmäärä;2021-05-06;22103
Kuolemantapausten lukumäärä;2021-05-06;2
Tapausten lukumäärä;2021-05-07;214
Testausmäärä;2021-05-07;20983
Kuolemantapausten lukumäärä;2021-05-07;1
Tapausten lukumäärä;2021-05-08;134
Testausmäärä;2021-05-08;14083
Kuolemantapausten lukumäärä;2021-05-08;0
Tapausten lukumäärä;2021-05-09;130
Testausmäärä;2021-05-09;10249
Kuolemantapausten lukumäärä;2021-05-09;0
Tapausten lukumäärä;2021-05-10;257
Testausmäärä;2021-05-10;15239
Kuolemantapausten lukumäärä;2021-05-10;1
Tapausten lukumäärä;2021-05-11;215
Testausmäärä;2021-05-11;25391
Kuolemantapausten lukumäärä;2021-05-11;1
Tapausten lukumäärä;2021-05-12;256
Testausmäärä;2021-05-12;22324
Kuolemantapausten lukumäärä;2021-05-12;2
Tapausten lukumäärä;2021-05-13;157
Testausmäärä;2021-05-13;17632
Kuolemantapausten lukumäärä;2021-05-13;2
Tapausten lukumäärä;2021-05-14;249
Testausmäärä;2021-05-14;13195
Kuolemantapausten lukumäärä;2021-05-14;5
Tapausten lukumäärä;2021-05-15;164
Testausmäärä;2021-05-15;12911
Kuolemantapausten lukumäärä;2021-05-15;6
Tapausten lukumäärä;2021-05-16;134
Testausmäärä;2021-05-16;9494
Kuolemantapausten lukumäärä;2021-05-16;2
Tapausten lukumäärä;2021-05-17;284
Testausmäärä;2021-05-17;12120
Kuolemantapausten lukumäärä;2021-05-17;0
Tapausten lukumäärä;2021-05-18;217
Testausmäärä;2021-05-18;25209
Kuolemantapausten lukumäärä;2021-05-18;3
Tapausten lukumäärä;2021-05-19;231
Testausmäärä;2021-05-19;24212
Kuolemantapausten lukumäärä;2021-05-19;6
Tapausten lukumäärä;2021-05-20;217
Testausmäärä;2021-05-20;18745
Kuolemantapausten lukumäärä;2021-05-20;0
Tapausten lukumäärä;2021-05-21;168
Testausmäärä;2021-05-21;18759
Kuolemantapausten lukumäärä;2021-05-21;0
Tapausten lukumäärä;2021-05-22;108
Testausmäärä;2021-05-22;12945
Kuolemantapausten lukumäärä;2021-05-22;2
Tapausten lukumäärä;2021-05-23;93
Testausmäärä;2021-05-23;9006
Kuolemantapausten lukumäärä;2021-05-23;2
Tapausten lukumäärä;2021-05-24;188
Testausmäärä;2021-05-24;15378
Kuolemantapausten lukumäärä;2021-05-24;0
Tapausten lukumäärä;2021-05-25;153
Testausmäärä;2021-05-25;23185
Kuolemantapausten lukumäärä;2021-05-25;0
Tapausten lukumäärä;2021-05-26;143
Testausmäärä;2021-05-26;24465
Kuolemantapausten lukumäärä;2021-05-26;1
Tapausten lukumäärä;2021-05-27;127
Testausmäärä;2021-05-27;19661
Kuolemantapausten lukumäärä;2021-05-27;0
Tapausten lukumäärä;2021-05-28;135
Testausmäärä;2021-05-28;18971
Kuolemantapausten lukumäärä;2021-05-28;0
Tapausten lukumäärä;2021-05-29;64
Testausmäärä;2021-05-29;12336
Kuolemantapausten lukumäärä;2021-05-29;0
Tapausten lukumäärä;2021-05-30;79
Testausmäärä;2021-05-30;8763
Kuolemantapausten lukumäärä;2021-05-30;2
Tapausten lukumäärä;2021-05-31;151
Testausmäärä;2021-05-31;13266
Kuolemantapausten lukumäärä;2021-05-31;0
Tapausten lukumäärä;2021-06-01;121
Testausmäärä;2021-06-01;22380
Kuolemantapausten lukumäärä;2021-06-01;1
Tapausten lukumäärä;2021-06-02;119
Testausmäärä;2021-06-02;26387
Kuolemantapausten lukumäärä;2021-06-02;0
Tapausten lukumäärä;2021-06-03;111
Testausmäärä;2021-06-03;17462
Kuolemantapausten lukumäärä;2021-06-03;0
Tapausten lukumäärä;2021-06-04;102
Testausmäärä;2021-06-04;15722
Kuolemantapausten lukumäärä;2021-06-04;1
Tapausten lukumäärä;2021-06-05;64
Testausmäärä;2021-06-05;9796
Kuolemantapausten lukumäärä;2021-06-05;0
Tapausten lukumäärä;2021-06-06;60
Testausmäärä;2021-06-06;7531
Kuolemantapausten lukumäärä;2021-06-06;0
Tapausten lukumäärä;2021-06-07;139
Testausmäärä;2021-06-07;13337
Kuolemantapausten lukumäärä;2021-06-07;1
Tapausten lukumäärä;2021-06-08;101
Testausmäärä;2021-06-08;16269
Kuolemantapausten lukumäärä;2021-06-08;1
Tapausten lukumäärä;2021-06-09;81
Testausmäärä;2021-06-09;22242
Kuolemantapausten lukumäärä;2021-06-09;0
Tapausten lukumäärä;2021-06-10;73
Testausmäärä;2021-06-10;14851
Kuolemantapausten lukumäärä;2021-06-10;1
Tapausten lukumäärä;2021-06-11;70
Testausmäärä;2021-06-11;14085
Kuolemantapausten lukumäärä;2021-06-11;0
Tapausten lukumäärä;2021-06-12;46
Testausmäärä;2021-06-12;9197
Kuolemantapausten lukumäärä;2021-06-12;0
Tapausten lukumäärä;2021-06-13;48
Testausmäärä;2021-06-13;9770
Kuolemantapausten lukumäärä;2021-06-13;0
Tapausten lukumäärä;2021-06-14;93
Testausmäärä;2021-06-14;12230
Kuolemantapausten lukumäärä;2021-06-14;0
Tapausten lukumäärä;2021-06-15;78
Testausmäärä;2021-06-15;16766
Kuolemantapausten lukumäärä;2021-06-15;2
Tapausten lukumäärä;2021-06-16;64
Testausmäärä;2021-06-16;21218
Kuolemantapausten lukumäärä;2021-06-16;0
Tapausten lukumäärä;2021-06-17;91
Testausmäärä;2021-06-17;14542
Kuolemantapausten lukumäärä;2021-06-17;0
Tapausten lukumäärä;2021-06-18;81
Testausmäärä;2021-06-18;12950
Kuolemantapausten lukumäärä;2021-06-18;0
Tapausten lukumäärä;2021-06-19;57
Testausmäärä;2021-06-19;9523
Kuolemantapausten lukumäärä;2021-06-19;0
Tapausten lukumäärä;2021-06-20;80
Testausmäärä;2021-06-20;8101
Kuolemantapausten lukumäärä;2021-06-20;0
Tapausten lukumäärä;2021-06-21;112
Testausmäärä;2021-06-21;9029
Kuolemantapausten lukumäärä;2021-06-21;1
Tapausten lukumäärä;2021-06-22;110
Testausmäärä;2021-06-22;13390
Kuolemantapausten lukumäärä;2021-06-22;0
Tapausten lukumäärä;2021-06-23;144
Testausmäärä;2021-06-23;15132
Kuolemantapausten lukumäärä;2021-06-23;1
Tapausten lukumäärä;2021-06-24;162
Testausmäärä;2021-06-24;12581
Kuolemantapausten lukumäärä;2021-06-24;0
Tapausten lukumäärä;2021-06-25;195
Testausmäärä;2021-06-25;7624
Kuolemantapausten lukumäärä;2021-06-25;0
Tapausten lukumäärä;2021-06-26;131
Testausmäärä;2021-06-26;4888
Kuolemantapausten lukumäärä;2021-06-26;0
Tapausten lukumäärä;2021-06-27;119
Testausmäärä;2021-06-27;7604
Kuolemantapausten lukumäärä;2021-06-27;0
Tapausten lukumäärä;2021-06-28;230
Testausmäärä;2021-06-28;11629
Kuolemantapausten lukumäärä;2021-06-28;0
Tapausten lukumäärä;2021-06-29;261
Testausmäärä;2021-06-29;18528
Kuolemantapausten lukumäärä;2021-06-29;0
Tapausten lukumäärä;2021-06-30;196
Testausmäärä;2021-06-30;15043
Kuolemantapausten lukumäärä;2021-06-30;0
Tapausten lukumäärä;2021-07-01;202
Testausmäärä;2021-07-01;18102
Kuolemantapausten lukumäärä;2021-07-01;0
Tapausten lukumäärä;2021-07-02;167
Testausmäärä;2021-07-02;15147
Kuolemantapausten lukumäärä;2021-07-02;0
Tapausten lukumäärä;2021-07-03;132
Testausmäärä;2021-07-03;12137
Kuolemantapausten lukumäärä;2021-07-03;0
Tapausten lukumäärä;2021-07-04;108
Testausmäärä;2021-07-04;9882
Kuolemantapausten lukumäärä;2021-07-04;0
Tapausten lukumäärä;2021-07-05;243
Testausmäärä;2021-07-05;12451
Kuolemantapausten lukumäärä;2021-07-05;1
Tapausten lukumäärä;2021-07-06;260
Testausmäärä;2021-07-06;15344
Kuolemantapausten lukumäärä;2021-07-06;1
Tapausten lukumäärä;2021-07-07;292
Testausmäärä;2021-07-07;18251
Kuolemantapausten lukumäärä;2021-07-07;0
Tapausten lukumäärä;2021-07-08;284
Testausmäärä;2021-07-08;16026
Kuolemantapausten lukumäärä;2021-07-08;0
Tapausten lukumäärä;2021-07-09;308
Testausmäärä;2021-07-09;13822
Kuolemantapausten lukumäärä;2021-07-09;0
Tapausten lukumäärä;2021-07-10;149
Testausmäärä;2021-07-10;11125
Kuolemantapausten lukumäärä;2021-07-10;0
Tapausten lukumäärä;2021-07-11;160
Testausmäärä;2021-07-11;10347
Kuolemantapausten lukumäärä;2021-07-11;2
Tapausten lukumäärä;2021-07-12;330
Testausmäärä;2021-07-12;10575
Kuolemantapausten lukumäärä;2021-07-12;2
Tapausten lukumäärä;2021-07-13;342
Testausmäärä;2021-07-13;15892
Kuolemantapausten lukumäärä;2021-07-13;1
Tapausten lukumäärä;2021-07-14;382
Testausmäärä;2021-07-14;20491
Kuolemantapausten lukumäärä;2021-07-14;0
Tapausten lukumäärä;2021-07-15;382
Testausmäärä;2021-07-15;15485
Kuolemantapausten lukumäärä;2021-07-15;0
Tapausten lukumäärä;2021-07-16;355
Testausmäärä;2021-07-16;16097
Kuolemantapausten lukumäärä;2021-07-16;0
Tapausten lukumäärä;2021-07-17;206
Testausmäärä;2021-07-17;10955
Kuolemantapausten lukumäärä;2021-07-17;0
Tapausten lukumäärä;2021-07-18;249
Testausmäärä;2021-07-18;10117
Kuolemantapausten lukumäärä;2021-07-18;0
Tapausten lukumäärä;2021-07-19;420
Testausmäärä;2021-07-19;13499
Kuolemantapausten lukumäärä;2021-07-19;0
Tapausten lukumäärä;2021-07-20;424
Testausmäärä;2021-07-20;18337
Kuolemantapausten lukumäärä;2021-07-20;0
Tapausten lukumäärä;2021-07-21;468
Testausmäärä;2021-07-21;23106
Kuolemantapausten lukumäärä;2021-07-21;2
Tapausten lukumäärä;2021-07-22;487
Testausmäärä;2021-07-22;20643
Kuolemantapausten lukumäärä;2021-07-22;0
Tapausten lukumäärä;2021-07-23;478
Testausmäärä;2021-07-23;20732
Kuolemantapausten lukumäärä;2021-07-23;2
Tapausten lukumäärä;2021-07-24;301
Testausmäärä;2021-07-24;12882
Kuolemantapausten lukumäärä;2021-07-24;1
Tapausten lukumäärä;2021-07-25;351
Testausmäärä;2021-07-25;11498
Kuolemantapausten lukumäärä;2021-07-25;1
Tapausten lukumäärä;2021-07-26;770
Testausmäärä;2021-07-26;14397
Kuolemantapausten lukumäärä;2021-07-26;2
Tapausten lukumäärä;2021-07-27;725
Testausmäärä;2021-07-27;19894
Kuolemantapausten lukumäärä;2021-07-27;1
Tapausten lukumäärä;2021-07-28;810
Testausmäärä;2021-07-28;22411
Kuolemantapausten lukumäärä;2021-07-28;1
Tapausten lukumäärä;2021-07-29;772
Testausmäärä;2021-07-29;21922
Kuolemantapausten lukumäärä;2021-07-29;4
Tapausten lukumäärä;2021-07-30;696
Testausmäärä;2021-07-30;20088
Kuolemantapausten lukumäärä;2021-07-30;0
Tapausten lukumäärä;2021-07-31;408
Testausmäärä;2021-07-31;14779
Kuolemantapausten lukumäärä;2021-07-31;1
Tapausten lukumäärä;2021-08-01;477
Testausmäärä;2021-08-01;11674
Kuolemantapausten lukumäärä;2021-08-01;0
Tapausten lukumäärä;2021-08-02;893
Testausmäärä;2021-08-02;15029
Kuolemantapausten lukumäärä;2021-08-02;3
Tapausten lukumäärä;2021-08-03;840
Testausmäärä;2021-08-03;20484
Kuolemantapausten lukumäärä;2021-08-03;3
Tapausten lukumäärä;2021-08-04;784
Testausmäärä;2021-08-04;28467
Kuolemantapausten lukumäärä;2021-08-04;4
Tapausten lukumäärä;2021-08-05;876
Testausmäärä;2021-08-05;23358
Kuolemantapausten lukumäärä;2021-08-05;1
Tapausten lukumäärä;2021-08-06;685
Testausmäärä;2021-08-06;23384
Kuolemantapausten lukumäärä;2021-08-06;2
Tapausten lukumäärä;2021-08-07;485
Testausmäärä;2021-08-07;18039
Kuolemantapausten lukumäärä;2021-08-07;4
Tapausten lukumäärä;2021-08-08;537
Testausmäärä;2021-08-08;12946
Kuolemantapausten lukumäärä;2021-08-08;0
Tapausten lukumäärä;2021-08-09;1036
Testausmäärä;2021-08-09;17552
Kuolemantapausten lukumäärä;2021-08-09;1
Tapausten lukumäärä;2021-08-10;826
Testausmäärä;2021-08-10;24458
Kuolemantapausten lukumäärä;2021-08-10;1
Tapausten lukumäärä;2021-08-11;924
Testausmäärä;2021-08-11;28335
Kuolemantapausten lukumäärä;2021-08-11;1
Tapausten lukumäärä;2021-08-12;789
Testausmäärä;2021-08-12;25451
Kuolemantapausten lukumäärä;2021-08-12;1
Tapausten lukumäärä;2021-08-13;740
Testausmäärä;2021-08-13;21979
Kuolemantapausten lukumäärä;2021-08-13;2
Tapausten lukumäärä;2021-08-14;426
Testausmäärä;2021-08-14;15712
Kuolemantapausten lukumäärä;2021-08-14;0
Tapausten lukumäärä;2021-08-15;445
Testausmäärä;2021-08-15;12802
Kuolemantapausten lukumäärä;2021-08-15;2
Tapausten lukumäärä;2021-08-16;768
Testausmäärä;2021-08-16;18229
Kuolemantapausten lukumäärä;2021-08-16;0
Tapausten lukumäärä;2021-08-17;741
Testausmäärä;2021-08-17;22437
Kuolemantapausten lukumäärä;2021-08-17;1
Tapausten lukumäärä;2021-08-18;708
Testausmäärä;2021-08-18;31558
Kuolemantapausten lukumäärä;2021-08-18;3
Tapausten lukumäärä;2021-08-19;670
Testausmäärä;2021-08-19;29254
Kuolemantapausten lukumäärä;2021-08-19;2
Tapausten lukumäärä;2021-08-20;655
Testausmäärä;2021-08-20;25059
Kuolemantapausten lukumäärä;2021-08-20;1
Tapausten lukumäärä;2021-08-21;398
Testausmäärä;2021-08-21;19788
Kuolemantapausten lukumäärä;2021-08-21;0
Tapausten lukumäärä;2021-08-22;456
Testausmäärä;2021-08-22;17284
Kuolemantapausten lukumäärä;2021-08-22;2
Tapausten lukumäärä;2021-08-23;682
Testausmäärä;2021-08-23;19569
Kuolemantapausten lukumäärä;2021-08-23;1
Tapausten lukumäärä;2021-08-24;609
Testausmäärä;2021-08-24;29250
Kuolemantapausten lukumäärä;2021-08-24;3
Tapausten lukumäärä;2021-08-25;699
Testausmäärä;2021-08-25;36048
Kuolemantapausten lukumäärä;2021-08-25;2
Tapausten lukumäärä;2021-08-26;610
Testausmäärä;2021-08-26;33814
Kuolemantapausten lukumäärä;2021-08-26;2
Tapausten lukumäärä;2021-08-27;705
Testausmäärä;2021-08-27;30038
Kuolemantapausten lukumäärä;2021-08-27;2
Tapausten lukumäärä;2021-08-28;439
Testausmäärä;2021-08-28;13651
Kuolemantapausten lukumäärä;2021-08-28;0
Tapausten lukumäärä;2021-08-29;464
Testausmäärä;2021-08-29;18403
Kuolemantapausten lukumäärä;2021-08-29;1
Tapausten lukumäärä;2021-08-30;744
Testausmäärä;2021-08-30;22967
Kuolemantapausten lukumäärä;2021-08-30;6
Tapausten lukumäärä;2021-08-31;650
Testausmäärä;2021-08-31;29542
Kuolemantapausten lukumäärä;2021-08-31;2
Tapausten lukumäärä;2021-09-01;648
Testausmäärä;2021-09-01;32944
Kuolemantapausten lukumäärä;2021-09-01;1
Tapausten lukumäärä;2021-09-02;650
Testausmäärä;2021-09-02;29377
Kuolemantapausten lukumäärä;2021-09-02;2
Tapausten lukumäärä;2021-09-03;520
Testausmäärä;2021-09-03;26177
Kuolemantapausten lukumäärä;2021-09-03;1
Tapausten lukumäärä;2021-09-04;336
Testausmäärä;2021-09-04;20631
Kuolemantapausten lukumäärä;2021-09-04;0
Tapausten lukumäärä;2021-09-05;346
Testausmäärä;2021-09-05;14707
Kuolemantapausten lukumäärä;2021-09-05;0
Tapausten lukumäärä;2021-09-06;581
Testausmäärä;2021-09-06;20952
Kuolemantapausten lukumäärä;2021-09-06;6
Tapausten lukumäärä;2021-09-07;522
Testausmäärä;2021-09-07;27360
Kuolemantapausten lukumäärä;2021-09-07;3
Tapausten lukumäärä;2021-09-08;482
Testausmäärä;2021-09-08;24962
Kuolemantapausten lukumäärä;2021-09-08;1
Tapausten lukumäärä;2021-09-09;459
Testausmäärä;2021-09-09;23009
Kuolemantapausten lukumäärä;2021-09-09;2
Tapausten lukumäärä;2021-09-10;496
Testausmäärä;2021-09-10;18350
Kuolemantapausten lukumäärä;2021-09-10;0
Tapausten lukumäärä;2021-09-11;329
Testausmäärä;2021-09-11;12142
Kuolemantapausten lukumäärä;2021-09-11;1
Tapausten lukumäärä;2021-09-12;283
Testausmäärä;2021-09-12;9412
Kuolemantapausten lukumäärä;2021-09-12;5
Tapausten lukumäärä;2021-09-13;533
Testausmäärä;2021-09-13;14531
Kuolemantapausten lukumäärä;2021-09-13;1
Tapausten lukumäärä;2021-09-14;480
Testausmäärä;2021-09-14;19981
Kuolemantapausten lukumäärä;2021-09-14;2
Tapausten lukumäärä;2021-09-15;454
Testausmäärä;2021-09-15;19304
Kuolemantapausten lukumäärä;2021-09-15;1
Tapausten lukumäärä;2021-09-16;436
Testausmäärä;2021-09-16;16043
Kuolemantapausten lukumäärä;2021-09-16;1
Tapausten lukumäärä;2021-09-17;389
Testausmäärä;2021-09-17;13256
Kuolemantapausten lukumäärä;2021-09-17;1
Tapausten lukumäärä;2021-09-18;240
Testausmäärä;2021-09-18;8802
Kuolemantapausten lukumäärä;2021-09-18;0
Tapausten lukumäärä;2021-09-19;285
Testausmäärä;2021-09-19;7240
Kuolemantapausten lukumäärä;2021-09-19;5
Tapausten lukumäärä;2021-09-20;489
Testausmäärä;2021-09-20;14799
Kuolemantapausten lukumäärä;2021-09-20;1
Tapausten lukumäärä;2021-09-21;489
Testausmäärä;2021-09-21;16334
Kuolemantapausten lukumäärä;2021-09-21;1
Tapausten lukumäärä;2021-09-22;484
Testausmäärä;2021-09-22;16739
Kuolemantapausten lukumäärä;2021-09-22;2
Tapausten lukumäärä;2021-09-23;480
Testausmäärä;2021-09-23;14230
Kuolemantapausten lukumäärä;2021-09-23;4
Tapausten lukumäärä;2021-09-24;424
Testausmäärä;2021-09-24;11710
Kuolemantapausten lukumäärä;2021-09-24;3
Tapausten lukumäärä;2021-09-25;299
Testausmäärä;2021-09-25;7600
Kuolemantapausten lukumäärä;2021-09-25;1
Tapausten lukumäärä;2021-09-26;355
Testausmäärä;2021-09-26;6617
Kuolemantapausten lukumäärä;2021-09-26;3
Tapausten lukumäärä;2021-09-27;684
Testausmäärä;2021-09-27;8752
Kuolemantapausten lukumäärä;2021-09-27;3
Tapausten lukumäärä;2021-09-28;643
Testausmäärä;2021-09-28;15057
Kuolemantapausten lukumäärä;2021-09-28;4
Tapausten lukumäärä;2021-09-29;669
Testausmäärä;2021-09-29;14725
Kuolemantapausten lukumäärä;2021-09-29;4
Tapausten lukumäärä;2021-09-30;618
Testausmäärä;2021-09-30;12821
Kuolemantapausten lukumäärä;2021-09-30;3
Tapausten lukumäärä;2021-10-01;531
Testausmäärä;2021-10-01;11751
Kuolemantapausten lukumäärä;2021-10-01;5
Tapausten lukumäärä;2021-10-02;355
Testausmäärä;2021-10-02;9398
Kuolemantapausten lukumäärä;2021-10-02;3
Tapausten lukumäärä;2021-10-03;383
Testausmäärä;2021-10-03;7821
Kuolemantapausten lukumäärä;2021-10-03;5
Tapausten lukumäärä;2021-10-04;743
Testausmäärä;2021-10-04;10978
Kuolemantapausten lukumäärä;2021-10-04;4
Tapausten lukumäärä;2021-10-05;729
Testausmäärä;2021-10-05;15646
Kuolemantapausten lukumäärä;2021-10-05;7
Tapausten lukumäärä;2021-10-06;746
Testausmäärä;2021-10-06;13465
Kuolemantapausten lukumäärä;2021-10-06;2
Tapausten lukumäärä;2021-10-07;611
Testausmäärä;2021-10-07;13886
Kuolemantapausten lukumäärä;2021-10-07;3
Tapausten lukumäärä;2021-10-08;596
Testausmäärä;2021-10-08;12768
Kuolemantapausten lukumäärä;2021-10-08;8
Tapausten lukumäärä;2021-10-09;425
Testausmäärä;2021-10-09;8553
Kuolemantapausten lukumäärä;2021-10-09;5
Tapausten lukumäärä;2021-10-10;399
Testausmäärä;2021-10-10;6383
Kuolemantapausten lukumäärä;2021-10-10;3
Tapausten lukumäärä;2021-10-11;691
Testausmäärä;2021-10-11;11741
Kuolemantapausten lukumäärä;2021-10-11;5
Tapausten lukumäärä;2021-10-12;610
Testausmäärä;2021-10-12;15291
Kuolemantapausten lukumäärä;2021-10-12;3
Tapausten lukumäärä;2021-10-13;638
Testausmäärä;2021-10-13;13428
Kuolemantapausten lukumäärä;2021-10-13;3
Tapausten lukumäärä;2021-10-14;558
Testausmäärä;2021-10-14;14604
Kuolemantapausten lukumäärä;2021-10-14;4
Tapausten lukumäärä;2021-10-15;562
Testausmäärä;2021-10-15;13028
Kuolemantapausten lukumäärä;2021-10-15;2
Tapausten lukumäärä;2021-10-16;344
Testausmäärä;2021-10-16;8286
Kuolemantapausten lukumäärä;2021-10-16;1
Tapausten lukumäärä;2021-10-17;319
Testausmäärä;2021-10-17;6752
Kuolemantapausten lukumäärä;2021-10-17;4
Tapausten lukumäärä;2021-10-18;661
Testausmäärä;2021-10-18;11675
Kuolemantapausten lukumäärä;2021-10-18;6
Tapausten lukumäärä;2021-10-19;550
Testausmäärä;2021-10-19;13275
Kuolemantapausten lukumäärä;2021-10-19;1
Tapausten lukumäärä;2021-10-20;516
Testausmäärä;2021-10-20;13352
Kuolemantapausten lukumäärä;2021-10-20;2
Tapausten lukumäärä;2021-10-21;623
Testausmäärä;2021-10-21;13435
Kuolemantapausten lukumäärä;2021-10-21;2
Tapausten lukumäärä;2021-10-22;580
Testausmäärä;2021-10-22;11960
Kuolemantapausten lukumäärä;2021-10-22;8
Tapausten lukumäärä;2021-10-23;374
Testausmäärä;2021-10-23;7253
Kuolemantapausten lukumäärä;2021-10-23;4
Tapausten lukumäärä;2021-10-24;389
Testausmäärä;2021-10-24;6645
Kuolemantapausten lukumäärä;2021-10-24;2
Tapausten lukumäärä;2021-10-25;793
Testausmäärä;2021-10-25;11463
Kuolemantapausten lukumäärä;2021-10-25;12
Tapausten lukumäärä;2021-10-26;680
Testausmäärä;2021-10-26;14234
Kuolemantapausten lukumäärä;2021-10-26;4
Tapausten lukumäärä;2021-10-27;640
Testausmäärä;2021-10-27;14650
Kuolemantapausten lukumäärä;2021-10-27;5
Tapausten lukumäärä;2021-10-28;590
Testausmäärä;2021-10-28;13336
Kuolemantapausten lukumäärä;2021-10-28;5
Tapausten lukumäärä;2021-10-29;656
Testausmäärä;2021-10-29;12771
Kuolemantapausten lukumäärä;2021-10-29;2
Tapausten lukumäärä;2021-10-30;405
Testausmäärä;2021-10-30;7470
Kuolemantapausten lukumäärä;2021-10-30;3
Tapausten lukumäärä;2021-10-31;439
Testausmäärä;2021-10-31;6905
Kuolemantapausten lukumäärä;2021-10-31;5
Tapausten lukumäärä;2021-11-01;973
Testausmäärä;2021-11-01;11647
Kuolemantapausten lukumäärä;2021-11-01;12
Tapausten lukumäärä;2021-11-02;755
Testausmäärä;2021-11-02;14333
Kuolemantapausten lukumäärä;2021-11-02;3
Tapausten lukumäärä;2021-11-03;771
Testausmäärä;2021-11-03;15861
Kuolemantapausten lukumäärä;2021-11-03;7
Tapausten lukumäärä;2021-11-04;803
Testausmäärä;2021-11-04;15106
Kuolemantapausten lukumäärä;2021-11-04;9
Tapausten lukumäärä;2021-11-05;842
Testausmäärä;2021-11-05;12749
Kuolemantapausten lukumäärä;2021-11-05;11
Tapausten lukumäärä;2021-11-06;514
Testausmäärä;2021-11-06;9683
Kuolemantapausten lukumäärä;2021-11-06;9
Tapausten lukumäärä;2021-11-07;508
Testausmäärä;2021-11-07;8535
Kuolemantapausten lukumäärä;2021-11-07;4
Tapausten lukumäärä;2021-11-08;1122
Testausmäärä;2021-11-08;11566
Kuolemantapausten lukumäärä;2021-11-08;12
Tapausten lukumäärä;2021-11-09;833
Testausmäärä;2021-11-09;17762
Kuolemantapausten lukumäärä;2021-11-09;9
Tapausten lukumäärä;2021-11-10;968
Testausmäärä;2021-11-10;19388
Kuolemantapausten lukumäärä;2021-11-10;4
Tapausten lukumäärä;2021-11-11;934
Testausmäärä;2021-11-11;17758
Kuolemantapausten lukumäärä;2021-11-11;6
Tapausten lukumäärä;2021-11-12;946
Testausmäärä;2021-11-12;17297
Kuolemantapausten lukumäärä;2021-11-12;5
Tapausten lukumäärä;2021-11-13;618
Testausmäärä;2021-11-13;9649
Kuolemantapausten lukumäärä;2021-11-13;3
Tapausten lukumäärä;2021-11-14;572
Testausmäärä;2021-11-14;9211
Kuolemantapausten lukumäärä;2021-11-14;6
Tapausten lukumäärä;2021-11-15;1251
Testausmäärä;2021-11-15;13721
Kuolemantapausten lukumäärä;2021-11-15;17
Tapausten lukumäärä;2021-11-16;1199
Testausmäärä;2021-11-16;20383
Kuolemantapausten lukumäärä;2021-11-16;9
Tapausten lukumäärä;2021-11-17;1170
Testausmäärä;2021-11-17;20768
Kuolemantapausten lukumäärä;2021-11-17;5
Tapausten lukumäärä;2021-11-18;1215
Testausmäärä;2021-11-18;20760
Kuolemantapausten lukumäärä;2021-11-18;4
Tapausten lukumäärä;2021-11-19;1274
Testausmäärä;2021-11-19;19955
Kuolemantapausten lukumäärä;2021-11-19;6
Tapausten lukumäärä;2021-11-20;709
Testausmäärä;2021-11-20;11560
Kuolemantapausten lukumäärä;2021-11-20;8
Tapausten lukumäärä;2021-11-21;675
Testausmäärä;2021-11-21;11361
Kuolemantapausten lukumäärä;2021-11-21;5
Tapausten lukumäärä;2021-11-22;1421
Testausmäärä;2021-11-22;15154
Kuolemantapausten lukumäärä;2021-11-22;10
Tapausten lukumäärä;2021-11-23;1338
Testausmäärä;2021-11-23;22539
Kuolemantapausten lukumäärä;2021-11-23;10
Tapausten lukumäärä;2021-11-24;1255
Testausmäärä;2021-11-24;23001
Kuolemantapausten lukumäärä;2021-11-24;9
Tapausten lukumäärä;2021-11-25;1276
Testausmäärä;2021-11-25;24001
Kuolemantapausten lukumäärä;2021-11-25;11
Tapausten lukumäärä;2021-11-26;1300
Testausmäärä;2021-11-26;21121
Kuolemantapausten lukumäärä;2021-11-26;8
Tapausten lukumäärä;2021-11-27;794
Testausmäärä;2021-11-27;14132
Kuolemantapausten lukumäärä;2021-11-27;8
Tapausten lukumäärä;2021-11-28;790
Testausmäärä;2021-11-28;12107
Kuolemantapausten lukumäärä;2021-11-28;3
Tapausten lukumäärä;2021-11-29;1701
Testausmäärä;2021-11-29;17773
Kuolemantapausten lukumäärä;2021-11-29;15
Tapausten lukumäärä;2021-11-30;1427
Testausmäärä;2021-11-30;25494
Kuolemantapausten lukumäärä;2021-11-30;7
Tapausten lukumäärä;2021-12-01;1444
Testausmäärä;2021-12-01;27007
Kuolemantapausten lukumäärä;2021-12-01;12
Tapausten lukumäärä;2021-12-02;1467
Testausmäärä;2021-12-02;25891
Kuolemantapausten lukumäärä;2021-12-02;5
Tapausten lukumäärä;2021-12-03;1529
Testausmäärä;2021-12-03;28678
Kuolemantapausten lukumäärä;2021-12-03;6
Tapausten lukumäärä;2021-12-04;972
Testausmäärä;2021-12-04;17059
Kuolemantapausten lukumäärä;2021-12-04;7
Tapausten lukumäärä;2021-12-05;1003
Testausmäärä;2021-12-05;14175
Kuolemantapausten lukumäärä;2021-12-05;5
Tapausten lukumäärä;2021-12-06;1077
Testausmäärä;2021-12-06;11361
Kuolemantapausten lukumäärä;2021-12-06;3
Tapausten lukumäärä;2021-12-07;1924
Testausmäärä;2021-12-07;20679
Kuolemantapausten lukumäärä;2021-12-07;7
Tapausten lukumäärä;2021-12-08;1733
Testausmäärä;2021-12-08;30076
Kuolemantapausten lukumäärä;2021-12-08;9
Tapausten lukumäärä;2021-12-09;1708
Testausmäärä;2021-12-09;30223
Kuolemantapausten lukumäärä;2021-12-09;7
Tapausten lukumäärä;2021-12-10;1803
Testausmäärä;2021-12-10;24697
Kuolemantapausten lukumäärä;2021-12-10;5
Tapausten lukumäärä;2021-12-11;1124
Testausmäärä;2021-12-11;22130
Kuolemantapausten lukumäärä;2021-12-11;7
Tapausten lukumäärä;2021-12-12;1270
Testausmäärä;2021-12-12;14793
Kuolemantapausten lukumäärä;2021-12-12;5
Tapausten lukumäärä;2021-12-13;2356
Testausmäärä;2021-12-13;17788
Kuolemantapausten lukumäärä;2021-12-13;7
Tapausten lukumäärä;2021-12-14;1834
Testausmäärä;2021-12-14;29267
Kuolemantapausten lukumäärä;2021-12-14;6
Tapausten lukumäärä;2021-12-15;2100
Testausmäärä;2021-12-15;29205
Kuolemantapausten lukumäärä;2021-12-15;8
Tapausten lukumäärä;2021-12-16;1989
Testausmäärä;2021-12-16;30527
Kuolemantapausten lukumäärä;2021-12-16;8
Tapausten lukumäärä;2021-12-17;2171
Testausmäärä;2021-12-17;28483
Kuolemantapausten lukumäärä;2021-12-17;8
Tapausten lukumäärä;2021-12-18;1614
Testausmäärä;2021-12-18;23414
Kuolemantapausten lukumäärä;2021-12-18;2
Tapausten lukumäärä;2021-12-19;1754
Testausmäärä;2021-12-19;15137
Kuolemantapausten lukumäärä;2021-12-19;5
Tapausten lukumäärä;2021-12-20;3039
Testausmäärä;2021-12-20;25211
Kuolemantapausten lukumäärä;2021-12-20;8
Tapausten lukumäärä;2021-12-21;3168
Testausmäärä;2021-12-21;27981
Kuolemantapausten lukumäärä;2021-12-21;6
Tapausten lukumäärä;2021-12-22;3536
Testausmäärä;2021-12-22;35234
Kuolemantapausten lukumäärä;2021-12-22;8
Tapausten lukumäärä;2021-12-23;3903
Testausmäärä;2021-12-23;30446
Kuolemantapausten lukumäärä;2021-12-23;6
Tapausten lukumäärä;2021-12-24;2275
Testausmäärä;2021-12-24;20454
Kuolemantapausten lukumäärä;2021-12-24;6
Tapausten lukumäärä;2021-12-25;2672
Testausmäärä;2021-12-25;13380
Kuolemantapausten lukumäärä;2021-12-25;4
Tapausten lukumäärä;2021-12-26;3300
Testausmäärä;2021-12-26;15992
Kuolemantapausten lukumäärä;2021-12-26;9
Tapausten lukumäärä;2021-12-27;6657
Testausmäärä;2021-12-27;21613
Kuolemantapausten lukumäärä;2021-12-27;16
Tapausten lukumäärä;2021-12-28;6868
Testausmäärä;2021-12-28;29144
Kuolemantapausten lukumäärä;2021-12-28;12
Tapausten lukumäärä;2021-12-29;7383
Testausmäärä;2021-12-29;33151
Kuolemantapausten lukumäärä;2021-12-29;11
Tapausten lukumäärä;2021-12-30;7321
Testausmäärä;2021-12-30;32984
Kuolemantapausten lukumäärä;2021-12-30;14
Tapausten lukumäärä;2021-12-31;6859
Testausmäärä;2021-12-31;15992
Kuolemantapausten lukumäärä;2021-12-31;14
Tapausten lukumäärä;2022-01-01;4001
Testausmäärä;2022-01-01;22340
Kuolemantapausten lukumäärä;2022-01-01;9
Tapausten lukumäärä;2022-01-02;4975
Testausmäärä;2022-01-02;17221
Kuolemantapausten lukumäärä;2022-01-02;11
Tapausten lukumäärä;2022-01-03;9524
Testausmäärä;2022-01-03;23165
Kuolemantapausten lukumäärä;2022-01-03;9
Tapausten lukumäärä;2022-01-04;9984
Testausmäärä;2022-01-04;31255
Kuolemantapausten lukumäärä;2022-01-04;11
Tapausten lukumäärä;2022-01-05;9725
Testausmäärä;2022-01-05;34988
Kuolemantapausten lukumäärä;2022-01-05;9
Tapausten lukumäärä;2022-01-06;7174
Testausmäärä;2022-01-06;32255
Kuolemantapausten lukumäärä;2022-01-06;8
Tapausten lukumäärä;2022-01-07;8896
Testausmäärä;2022-01-07;30196
Kuolemantapausten lukumäärä;2022-01-07;7
Tapausten lukumäärä;2022-01-08;5699
Testausmäärä;2022-01-08;27903
Kuolemantapausten lukumäärä;2022-01-08;8
Tapausten lukumäärä;2022-01-09;6516
Testausmäärä;2022-01-09;21118
Kuolemantapausten lukumäärä;2022-01-09;5
Tapausten lukumäärä;2022-01-10;10425
Testausmäärä;2022-01-10;24493
Kuolemantapausten lukumäärä;2022-01-10;5
Tapausten lukumäärä;2022-01-11;9092
Testausmäärä;2022-01-11;31164
Kuolemantapausten lukumäärä;2022-01-11;2
Tapausten lukumäärä;2022-01-12;8820
Testausmäärä;2022-01-12;33149
Kuolemantapausten lukumäärä;2022-01-12;2
Tapausten lukumäärä;2022-01-13;8120
Testausmäärä;2022-01-13;32499
Kuolemantapausten lukumäärä;2022-01-13;2
Tapausten lukumäärä;2022-01-14;7948
Testausmäärä;2022-01-14;27219
Kuolemantapausten lukumäärä;2022-01-14;3
Tapausten lukumäärä;2022-01-15;5643
Testausmäärä;2022-01-15;22603
Kuolemantapausten lukumäärä;2022-01-15;1
Tapausten lukumäärä;2022-01-16;6127
Testausmäärä;2022-01-16;16758
Kuolemantapausten lukumäärä;2022-01-16;0
Tapausten lukumäärä;2022-01-17;9869
Testausmäärä;2022-01-17;20583
Kuolemantapausten lukumäärä;2022-01-17;2
Tapausten lukumäärä;2022-01-18;8528
Testausmäärä;2022-01-18;28843
Kuolemantapausten lukumäärä;2022-01-18;1
Tapausten lukumäärä;2022-01-19;6382
Testausmäärä;2022-01-19;21842
Kuolemantapausten lukumäärä;2022-01-19;0
Tapausten lukumäärä;2022-01-20;1706
Testausmäärä;2022-01-20;877
Kuolemantapausten lukumäärä;2022-01-20;0
Tapausten lukumäärä;2022-01-21;0
Testausmäärä;2022-01-21;0
Kuolemantapausten lukumäärä;2022-01-21;0
